age,job,marital,education,balance,housing,loan,contact,campaign,pdays,previous,poutcome,purchase
56,admin.,married,tertiary,-79,yes,no,cellular,9,-1,0,failure,no
69,entrepreneur,married,secondary,9465,yes,no,unknown,3,-1,1,unknown,yes
46,retired,single,secondary,446,no,no,telephone,10,-1,3,success,no
32,retired,married,primary,8878,no,no,unknown,4,7,4,failure,no
60,self-employed,married,secondary,1334,no,no,cellular,10,-1,2,unknown,no
25,management,married,tertiary,1064,yes,no,unknown,8,-1,3,success,no
38,blue-collar,married,secondary,6832,no,no,cellular,6,-1,4,unknown,no
56,services,married,secondary,4444,no,no,cellular,7,14,1,failure,no
36,student,married,secondary,9639,yes,no,unknown,7,-1,5,other,no
40,retired,married,tertiary,808,yes,no,unknown,4,22,2,failure,no
28,services,married,primary,2486,yes,no,cellular,6,-1,5,failure,no
28,self-employed,married,secondary,-114,no,no,cellular,9,25,0,unknown,no
41,admin.,married,secondary,5631,yes,no,cellular,3,21,5,unknown,no
70,housemaid,married,secondary,8853,no,no,cellular,8,-1,0,unknown,no
53,blue-collar,married,tertiary,2758,no,no,cellular,7,25,4,success,no
57,technician,divorced,secondary,5621,no,yes,unknown,4,-1,3,unknown,no
41,services,married,primary,4311,no,no,telephone,10,-1,1,unknown,no
20,admin.,single,secondary,6074,no,no,telephone,3,-1,4,failure,no
39,student,married,secondary,6197,yes,yes,telephone,7,-1,1,unknown,no
70,entrepreneur,single,secondary,3433,no,no,cellular,10,7,5,unknown,no
19,technician,single,primary,939,yes,no,telephone,9,11,1,unknown,no
41,self-employed,married,secondary,5669,no,yes,cellular,10,-1,5,unknown,no
61,entrepreneur,divorced,secondary,3980,yes,no,cellular,3,-1,1,other,no
47,student,married,tertiary,-445,no,no,cellular,10,-1,2,other,no
55,admin.,married,tertiary,2824,no,no,cellular,9,2,4,unknown,no
19,retired,single,secondary,6277,no,yes,telephone,8,-1,2,unknown,no
38,entrepreneur,single,secondary,-395,yes,no,unknown,3,22,3,other,no
50,self-employed,married,tertiary,2701,yes,no,cellular,8,-1,3,other,no
29,technician,married,secondary,169,no,no,telephone,4,-1,0,unknown,no
39,management,married,tertiary,8434,yes,no,cellular,6,18,0,unknown,no
61,unemployed,married,tertiary,466,no,no,telephone,10,-1,0,unknown,no
42,services,single,secondary,-193,yes,yes,cellular,2,-1,3,success,no
66,retired,married,secondary,1638,no,no,cellular,8,-1,1,unknown,no
44,entrepreneur,married,secondary,-391,yes,no,cellular,9,-1,5,unknown,no
59,housemaid,married,tertiary,3132,no,no,cellular,7,29,1,unknown,no
45,services,married,secondary,6228,no,no,cellular,8,-1,4,unknown,no
33,management,married,secondary,5184,yes,no,unknown,7,-1,3,unknown,no
32,student,single,tertiary,5999,yes,no,cellular,10,-1,5,unknown,no
64,unemployed,divorced,primary,1415,yes,no,unknown,4,-1,5,unknown,no
68,admin.,single,secondary,56,no,yes,telephone,1,13,5,unknown,no
61,management,married,primary,7119,yes,no,cellular,3,24,0,other,yes
69,management,single,secondary,-396,no,no,cellular,7,20,5,failure,yes
20,student,single,secondary,1547,yes,no,telephone,7,-1,5,unknown,no
54,blue-collar,single,secondary,-355,yes,no,cellular,3,-1,3,unknown,yes
68,student,married,secondary,373,yes,no,telephone,1,-1,1,unknown,no
24,blue-collar,married,secondary,-202,yes,no,cellular,10,1,1,unknown,no
38,blue-collar,married,secondary,2738,yes,no,cellular,9,-1,2,success,yes
26,retired,married,primary,8337,no,no,unknown,6,-1,2,unknown,no
56,retired,married,tertiary,5882,no,no,cellular,7,23,4,unknown,no
35,technician,married,tertiary,2011,yes,no,cellular,1,-1,3,unknown,yes
21,entrepreneur,married,secondary,6096,no,yes,cellular,1,-1,2,success,yes
42,entrepreneur,single,secondary,283,no,yes,telephone,4,-1,2,unknown,no
31,self-employed,married,secondary,4492,yes,no,telephone,7,-1,3,success,no
67,admin.,married,tertiary,-130,yes,yes,cellular,8,-1,1,unknown,no
26,entrepreneur,divorced,primary,-14,yes,no,cellular,10,-1,4,unknown,no
43,retired,divorced,secondary,6878,yes,yes,cellular,9,-1,4,failure,no
70,technician,single,secondary,9729,no,no,cellular,1,-1,4,unknown,yes
19,technician,divorced,secondary,2696,no,yes,cellular,4,9,2,other,no
37,blue-collar,married,secondary,9052,yes,no,unknown,4,-1,1,unknown,no
45,self-employed,divorced,secondary,3787,yes,no,cellular,3,4,4,unknown,no
64,student,married,tertiary,1761,no,no,cellular,7,-1,3,other,no
24,admin.,married,tertiary,8648,no,no,unknown,1,-1,4,other,yes
61,blue-collar,married,secondary,8072,no,no,cellular,9,25,0,unknown,no
25,student,married,secondary,-262,no,no,cellular,8,-1,1,unknown,no
64,entrepreneur,married,primary,6343,yes,yes,cellular,2,-1,0,other,no
52,self-employed,single,secondary,605,no,no,cellular,2,18,1,success,yes
31,blue-collar,single,secondary,886,no,no,unknown,8,-1,5,other,no
34,services,married,secondary,9941,yes,no,cellular,1,-1,3,unknown,no
53,entrepreneur,married,secondary,9219,no,yes,cellular,7,-1,5,unknown,yes
67,student,single,secondary,1167,yes,no,cellular,9,3,2,failure,no
57,admin.,single,tertiary,2191,yes,no,unknown,3,21,2,other,no
21,student,married,secondary,7256,yes,no,cellular,7,-1,5,failure,no
19,blue-collar,single,secondary,1496,yes,no,cellular,6,-1,1,unknown,no
23,blue-collar,married,tertiary,925,yes,no,unknown,7,-1,4,unknown,no
59,management,married,secondary,7523,yes,no,cellular,7,-1,0,unknown,no
21,admin.,divorced,tertiary,6349,yes,no,telephone,10,-1,3,unknown,no
46,housemaid,married,tertiary,2747,yes,no,cellular,1,-1,4,unknown,yes
35,entrepreneur,married,secondary,2092,yes,no,telephone,3,-1,2,unknown,no
43,technician,single,tertiary,990,yes,no,cellular,10,-1,4,success,no
61,admin.,single,secondary,724,no,yes,cellular,1,25,5,unknown,no
51,technician,married,primary,2087,yes,no,telephone,5,-1,5,unknown,no
27,admin.,married,secondary,7214,yes,no,cellular,3,-1,0,other,no
53,admin.,married,primary,2564,no,no,cellular,1,-1,2,unknown,yes
31,student,single,tertiary,7304,no,no,cellular,2,25,1,unknown,yes
48,admin.,married,secondary,332,no,no,cellular,10,10,3,unknown,no
65,management,married,tertiary,1940,yes,no,unknown,5,12,5,failure,no
32,housemaid,divorced,primary,4295,yes,no,cellular,3,-1,3,unknown,no
25,blue-collar,married,tertiary,1146,no,no,unknown,6,16,2,success,no
31,unemployed,married,secondary,-60,yes,no,cellular,9,-1,1,unknown,no
40,technician,married,tertiary,5456,yes,yes,cellular,6,-1,5,unknown,no
57,blue-collar,single,secondary,9221,yes,no,cellular,2,-1,0,unknown,no
38,unemployed,married,secondary,1867,no,no,telephone,2,15,3,unknown,no
33,housemaid,married,secondary,6196,yes,no,telephone,8,12,2,unknown,no
62,housemaid,single,secondary,4690,no,no,cellular,8,21,3,other,yes
35,technician,married,tertiary,4163,no,no,unknown,6,24,1,unknown,no
64,technician,married,secondary,6562,yes,no,cellular,10,-1,0,unknown,no
70,housemaid,married,tertiary,3831,no,no,cellular,7,-1,1,failure,no
41,unemployed,married,secondary,8996,no,no,unknown,1,-1,5,failure,no
43,admin.,married,secondary,2534,no,yes,unknown,9,20,4,unknown,no
42,entrepreneur,married,secondary,8877,yes,no,unknown,5,-1,1,other,yes
62,self-employed,married,secondary,2762,no,no,cellular,9,19,1,unknown,no
58,services,married,secondary,1607,yes,no,cellular,2,-1,3,other,yes
46,self-employed,single,secondary,6536,no,no,cellular,8,-1,1,success,no
32,blue-collar,divorced,tertiary,9532,yes,no,cellular,7,-1,2,unknown,no
62,student,single,secondary,3820,yes,no,telephone,4,-1,5,unknown,yes
18,blue-collar,single,secondary,5438,no,no,cellular,3,21,3,unknown,no
42,student,married,secondary,2247,no,yes,telephone,4,-1,3,unknown,no
24,unemployed,divorced,primary,4177,no,no,cellular,4,-1,4,unknown,no
26,student,married,primary,7472,yes,yes,cellular,10,-1,5,unknown,no
41,technician,divorced,secondary,3764,yes,no,telephone,10,-1,2,success,no
18,entrepreneur,divorced,secondary,2633,no,no,cellular,8,-1,5,other,no
61,entrepreneur,single,secondary,965,no,no,telephone,4,-1,1,failure,no
25,technician,divorced,primary,3609,no,no,cellular,5,20,4,success,no
41,management,married,secondary,1711,yes,no,telephone,2,-1,2,failure,no
28,self-employed,married,secondary,5039,yes,no,cellular,4,-1,4,failure,no
68,unemployed,married,secondary,9235,no,no,cellular,7,-1,5,unknown,no
34,self-employed,married,secondary,1189,no,no,telephone,3,-1,0,failure,no
25,management,married,secondary,9263,yes,no,unknown,1,-1,5,failure,yes
52,management,single,tertiary,7227,no,yes,cellular,8,-1,1,unknown,no
52,blue-collar,divorced,secondary,7264,yes,no,cellular,8,-1,4,other,yes
50,housemaid,married,tertiary,4041,yes,no,cellular,6,3,0,other,no
22,blue-collar,single,secondary,3041,yes,yes,cellular,7,-1,1,other,no
59,housemaid,divorced,secondary,318,yes,no,telephone,10,11,4,other,yes
56,services,divorced,primary,4021,yes,no,telephone,2,26,4,other,no
58,student,divorced,secondary,624,yes,yes,cellular,5,-1,5,failure,no
45,housemaid,married,tertiary,5160,yes,no,cellular,7,-1,4,unknown,yes
24,self-employed,divorced,tertiary,5141,no,no,telephone,9,-1,4,failure,yes
26,technician,single,secondary,629,yes,no,cellular,1,-1,3,failure,no
25,blue-collar,married,primary,1202,yes,no,cellular,3,14,4,unknown,no
29,unemployed,married,secondary,1501,yes,no,cellular,6,10,5,other,no
51,student,single,tertiary,6412,yes,yes,cellular,7,-1,3,other,no
50,services,married,secondary,3378,no,no,cellular,6,-1,3,unknown,no
65,housemaid,single,tertiary,6732,yes,no,telephone,1,-1,0,unknown,no
40,services,single,secondary,9498,no,no,cellular,4,-1,1,unknown,yes
41,unemployed,married,secondary,5831,no,no,cellular,6,13,3,failure,no
54,management,married,tertiary,5535,yes,no,telephone,8,-1,2,unknown,no
52,entrepreneur,single,primary,9844,yes,no,cellular,10,-1,3,other,yes
61,unemployed,married,primary,6023,yes,no,cellular,4,2,2,failure,no
57,retired,married,tertiary,7611,yes,no,cellular,7,-1,0,unknown,no
39,unemployed,married,primary,8236,no,no,cellular,3,-1,2,unknown,no
44,services,married,secondary,1901,no,no,unknown,8,-1,0,success,no
52,technician,divorced,secondary,8981,yes,no,telephone,1,-1,0,unknown,no
18,blue-collar,married,secondary,9567,yes,no,cellular,4,6,0,unknown,no
52,technician,single,secondary,8474,yes,no,telephone,8,21,2,failure,no
54,services,married,secondary,39,no,no,cellular,10,-1,2,unknown,no
64,blue-collar,married,tertiary,5115,yes,no,unknown,4,25,0,other,no
31,retired,single,secondary,2456,yes,no,cellular,2,-1,0,other,yes
20,entrepreneur,single,tertiary,7577,yes,no,cellular,2,5,1,failure,no
18,student,married,secondary,3222,no,no,cellular,4,18,0,unknown,yes
22,self-employed,married,secondary,9525,no,no,cellular,4,-1,4,other,yes
43,services,married,secondary,4587,yes,no,cellular,2,16,1,unknown,yes
31,housemaid,married,tertiary,9838,yes,no,cellular,7,-1,1,unknown,no
56,services,single,tertiary,5960,no,yes,telephone,6,-1,1,unknown,yes
44,services,married,tertiary,1670,yes,no,cellular,3,1,4,failure,no
26,blue-collar,married,secondary,2891,no,no,unknown,8,19,1,success,yes
32,admin.,married,tertiary,6442,yes,no,cellular,8,21,1,other,no
32,unemployed,divorced,secondary,1116,no,no,telephone,1,-1,2,unknown,no
43,admin.,divorced,secondary,8608,yes,no,unknown,3,-1,5,unknown,no
59,retired,married,secondary,5958,no,no,telephone,5,-1,2,unknown,no
30,housemaid,single,secondary,2256,no,no,unknown,2,29,0,unknown,no
68,entrepreneur,married,secondary,6353,no,yes,telephone,5,-1,0,success,no
49,management,married,primary,7209,no,no,cellular,10,9,3,unknown,no
56,retired,single,primary,1436,no,no,cellular,3,-1,5,failure,yes
66,management,divorced,secondary,2591,yes,no,cellular,9,-1,4,success,no
69,management,divorced,secondary,468,no,no,cellular,1,-1,2,unknown,no
49,entrepreneur,married,secondary,6797,no,no,cellular,4,27,0,unknown,no
21,technician,married,secondary,2703,yes,no,telephone,10,-1,4,failure,no
47,admin.,single,primary,5999,no,no,cellular,6,25,1,other,no
54,services,married,secondary,4673,no,no,cellular,9,-1,4,success,no
40,student,married,tertiary,389,yes,no,cellular,3,-1,2,unknown,no
56,management,married,secondary,8484,yes,no,unknown,3,6,5,failure,no
62,housemaid,single,primary,8673,yes,no,cellular,5,9,3,unknown,no
32,retired,married,secondary,6882,yes,no,cellular,7,22,2,other,yes
60,technician,married,tertiary,3031,yes,no,cellular,5,-1,5,unknown,no
46,management,divorced,secondary,301,yes,no,unknown,8,-1,0,success,no
53,technician,married,tertiary,7734,yes,no,unknown,5,-1,0,failure,no
30,technician,married,secondary,2849,yes,no,telephone,7,-1,4,unknown,no
49,management,married,secondary,7505,no,no,unknown,6,28,2,unknown,no
24,blue-collar,married,primary,9469,yes,no,cellular,10,-1,0,failure,no
68,unemployed,married,primary,2701,yes,no,unknown,2,-1,1,unknown,yes
39,housemaid,married,primary,-151,yes,no,cellular,3,-1,1,unknown,no
45,services,single,tertiary,9259,yes,no,cellular,4,-1,3,other,yes
19,services,married,tertiary,8821,no,no,cellular,5,-1,4,failure,no
59,housemaid,divorced,secondary,9472,no,yes,cellular,9,-1,0,other,no
62,blue-collar,married,secondary,83,no,no,telephone,6,-1,3,unknown,no
70,services,married,secondary,2877,yes,no,cellular,1,-1,1,success,no
23,technician,married,tertiary,5528,no,no,unknown,3,30,3,other,no
45,entrepreneur,married,secondary,7194,yes,no,cellular,7,-1,3,unknown,no
45,retired,single,secondary,5696,yes,no,cellular,8,-1,0,unknown,no
61,admin.,married,tertiary,6583,yes,no,cellular,7,29,0,other,no
61,services,married,tertiary,2901,yes,no,telephone,5,13,0,failure,no
37,housemaid,single,secondary,2685,yes,no,telephone,10,30,4,unknown,no
47,entrepreneur,divorced,secondary,9886,yes,no,cellular,8,28,3,failure,yes
28,management,single,secondary,4785,no,no,cellular,9,-1,3,failure,no
45,unemployed,married,secondary,8854,yes,yes,cellular,7,4,4,unknown,no
42,housemaid,single,secondary,6272,yes,no,cellular,9,-1,1,unknown,no
56,technician,married,tertiary,7990,yes,no,unknown,1,-1,2,unknown,yes
50,unemployed,married,tertiary,2847,no,yes,cellular,9,14,1,failure,no
18,retired,married,tertiary,9631,yes,no,unknown,3,-1,4,unknown,no
44,retired,married,secondary,288,no,no,cellular,6,5,3,failure,no
69,blue-collar,married,tertiary,4445,no,no,cellular,8,9,3,failure,yes
30,student,married,secondary,2389,yes,no,unknown,3,-1,0,unknown,no
58,blue-collar,single,secondary,9069,yes,no,cellular,4,20,0,unknown,no
20,entrepreneur,married,tertiary,4773,yes,no,cellular,7,-1,3,failure,no
56,unemployed,married,secondary,9641,no,no,cellular,7,-1,3,success,no
23,student,married,secondary,2772,yes,no,cellular,4,19,5,failure,yes
25,management,divorced,primary,8569,yes,no,telephone,9,-1,0,unknown,no
44,technician,married,secondary,4734,yes,no,cellular,3,9,0,unknown,no
26,unemployed,married,tertiary,9269,no,no,unknown,8,-1,1,failure,no
54,blue-collar,single,secondary,6402,yes,no,cellular,8,-1,3,other,no
50,admin.,single,tertiary,7112,yes,no,cellular,4,14,3,failure,no
68,self-employed,married,secondary,1992,no,no,cellular,7,-1,4,success,no
59,student,single,secondary,6245,no,no,cellular,4,-1,1,unknown,yes
61,student,single,tertiary,9595,no,no,unknown,1,-1,2,unknown,yes
41,technician,single,secondary,9074,yes,no,telephone,1,22,2,failure,yes
32,services,married,secondary,3740,no,no,cellular,1,-1,2,failure,no
49,retired,single,secondary,1822,no,no,unknown,2,19,5,failure,no
49,retired,married,secondary,4798,yes,no,telephone,6,-1,0,unknown,no
41,admin.,married,secondary,1361,no,no,cellular,10,-1,2,failure,no
58,entrepreneur,married,secondary,6120,yes,no,telephone,5,24,4,unknown,no
69,entrepreneur,married,primary,9558,no,no,cellular,2,-1,0,other,yes
66,management,married,secondary,3547,yes,no,cellular,8,-1,0,failure,no
66,unemployed,single,secondary,7081,no,no,cellular,9,10,2,unknown,no
69,self-employed,married,secondary,6820,yes,no,cellular,7,10,0,failure,yes
29,housemaid,married,secondary,598,no,yes,cellular,9,-1,1,unknown,no
56,services,married,primary,4747,yes,no,cellular,4,-1,1,unknown,yes
19,blue-collar,married,secondary,1234,no,no,cellular,7,10,2,unknown,no
20,housemaid,divorced,primary,4163,no,no,telephone,5,17,4,success,no
66,housemaid,married,secondary,5409,yes,no,unknown,5,10,0,unknown,no
54,student,married,tertiary,2916,no,no,telephone,3,-1,3,success,no
66,admin.,married,tertiary,5802,no,no,cellular,9,30,2,unknown,no
34,retired,married,primary,7093,yes,no,cellular,10,-1,5,unknown,no
66,management,married,tertiary,180,yes,no,cellular,5,-1,0,other,yes
19,entrepreneur,single,tertiary,7663,yes,no,cellular,6,-1,2,other,no
19,self-employed,divorced,secondary,1570,yes,no,cellular,3,-1,2,unknown,yes
45,admin.,married,secondary,6168,yes,no,cellular,10,-1,4,unknown,no
40,student,single,primary,7501,yes,no,telephone,7,-1,3,unknown,no
54,blue-collar,single,secondary,9421,yes,no,telephone,9,-1,0,unknown,no
49,management,single,secondary,1691,yes,no,cellular,9,4,2,unknown,no
50,student,married,tertiary,8359,yes,yes,cellular,10,-1,2,unknown,no
18,self-employed,married,secondary,9304,no,no,telephone,10,-1,0,success,yes
36,retired,married,primary,7086,no,no,cellular,5,-1,2,success,no
19,retired,single,tertiary,8372,yes,no,cellular,7,-1,2,unknown,no
70,retired,single,tertiary,8664,no,yes,cellular,3,-1,2,other,yes
61,admin.,married,primary,2346,no,no,cellular,6,-1,1,unknown,no
43,admin.,married,secondary,9824,no,no,cellular,8,27,1,failure,no
49,entrepreneur,divorced,secondary,1963,yes,no,telephone,8,20,3,unknown,no
23,entrepreneur,single,secondary,6337,yes,no,unknown,2,20,4,failure,no
49,blue-collar,divorced,secondary,4422,no,no,cellular,6,-1,0,unknown,no
21,self-employed,single,tertiary,3892,no,no,cellular,7,-1,4,unknown,no
28,management,married,primary,2683,no,yes,telephone,7,-1,4,failure,no
34,technician,married,secondary,2667,no,no,cellular,3,12,1,unknown,no
55,technician,single,secondary,2497,yes,yes,cellular,9,-1,3,unknown,no
41,student,married,primary,6021,yes,no,cellular,2,-1,4,unknown,yes
22,retired,married,secondary,2727,yes,no,cellular,3,-1,4,failure,no
69,management,single,secondary,6064,yes,no,telephone,2,-1,2,failure,yes
51,housemaid,married,secondary,9844,no,no,telephone,9,30,0,success,no
23,admin.,single,primary,9420,yes,yes,cellular,4,10,3,success,no
39,unemployed,married,tertiary,1524,yes,no,cellular,2,17,0,failure,no
28,services,divorced,tertiary,-171,no,yes,cellular,3,-1,1,success,no
65,blue-collar,married,tertiary,1986,yes,no,cellular,4,19,4,unknown,no
33,retired,married,secondary,655,no,no,unknown,10,-1,4,unknown,no
50,retired,single,secondary,9582,no,no,telephone,6,26,5,unknown,no
26,self-employed,married,tertiary,3977,no,no,cellular,5,-1,0,unknown,no
23,retired,single,secondary,1685,yes,no,telephone,3,-1,1,unknown,no
33,admin.,single,tertiary,6586,yes,yes,telephone,10,4,5,unknown,no
46,admin.,married,primary,1817,yes,yes,telephone,8,-1,5,failure,no
20,services,married,tertiary,3121,yes,yes,cellular,8,20,2,failure,no
37,housemaid,married,tertiary,3991,yes,no,cellular,7,29,5,unknown,no
53,management,married,tertiary,2011,no,no,telephone,3,-1,5,unknown,yes
36,retired,divorced,tertiary,7342,yes,no,cellular,1,-1,2,unknown,no
43,technician,single,secondary,8141,no,no,unknown,5,-1,4,unknown,no
20,entrepreneur,single,secondary,9046,yes,no,telephone,1,18,4,failure,no
36,self-employed,single,secondary,7348,no,no,unknown,6,-1,3,unknown,yes
37,self-employed,married,tertiary,4904,no,no,cellular,7,-1,5,unknown,no
49,technician,divorced,secondary,4893,yes,no,unknown,5,-1,0,unknown,no
24,student,single,tertiary,793,yes,yes,cellular,4,-1,4,unknown,no
69,technician,single,secondary,1965,no,no,unknown,2,12,1,unknown,no
58,student,single,tertiary,9541,no,no,cellular,5,-1,0,failure,no
50,unemployed,married,secondary,2675,no,no,cellular,9,-1,3,failure,no
57,entrepreneur,single,tertiary,7349,yes,no,telephone,4,13,5,other,no
56,self-employed,married,tertiary,8925,yes,no,cellular,2,-1,2,unknown,no
35,technician,married,secondary,9129,no,no,cellular,6,-1,3,failure,no
57,unemployed,married,secondary,7944,no,no,unknown,8,-1,0,failure,no
18,blue-collar,divorced,tertiary,7710,yes,no,cellular,2,-1,2,other,no
28,management,single,secondary,2259,no,no,cellular,9,-1,1,unknown,no
45,unemployed,single,secondary,4755,yes,no,cellular,7,30,2,unknown,no
42,management,single,primary,7914,yes,no,telephone,2,16,2,unknown,no
67,technician,married,tertiary,-498,yes,no,cellular,5,21,1,other,no
40,housemaid,divorced,primary,7630,yes,no,cellular,5,25,4,failure,no
48,unemployed,married,secondary,759,yes,no,cellular,7,-1,4,failure,no
47,entrepreneur,married,secondary,7690,yes,no,cellular,5,-1,2,unknown,no
59,technician,married,primary,3823,yes,no,cellular,6,-1,2,unknown,no
52,retired,single,tertiary,5273,no,yes,cellular,9,16,3,unknown,no
24,admin.,single,tertiary,2068,no,no,cellular,3,3,4,other,no
33,unemployed,married,secondary,1385,no,yes,cellular,3,-1,1,unknown,no
43,entrepreneur,married,secondary,6560,no,no,cellular,8,-1,5,unknown,no
65,blue-collar,single,secondary,7344,yes,no,telephone,10,-1,5,success,yes
69,retired,married,secondary,5611,no,no,cellular,6,-1,2,other,yes
66,blue-collar,single,secondary,8991,no,yes,cellular,10,21,2,unknown,no
19,technician,divorced,secondary,1838,yes,no,cellular,3,-1,5,unknown,no
18,admin.,married,primary,8768,yes,no,cellular,2,23,3,unknown,no
65,unemployed,married,secondary,3258,yes,no,telephone,2,-1,3,unknown,no
29,unemployed,single,tertiary,4310,no,yes,telephone,2,9,3,success,yes
22,housemaid,single,tertiary,8639,yes,no,cellular,5,25,0,unknown,no
54,self-employed,married,tertiary,6291,no,no,cellular,5,23,1,other,yes
49,housemaid,divorced,secondary,6671,no,yes,cellular,1,-1,0,unknown,no
26,technician,married,tertiary,2231,no,no,cellular,2,-1,2,unknown,no
58,technician,married,tertiary,369,no,no,unknown,2,-1,3,unknown,no
52,admin.,single,tertiary,4666,no,no,cellular,4,-1,3,unknown,yes
36,housemaid,single,tertiary,-407,yes,no,cellular,7,-1,5,unknown,no
65,entrepreneur,married,primary,2487,yes,no,cellular,3,26,5,unknown,no
33,entrepreneur,single,tertiary,9467,no,no,cellular,5,-1,3,failure,yes
20,admin.,married,secondary,9952,yes,no,telephone,9,-1,4,other,no
37,self-employed,married,tertiary,8127,yes,no,cellular,5,-1,5,unknown,no
41,entrepreneur,married,secondary,4447,yes,no,unknown,9,21,1,unknown,no
50,student,single,primary,6151,no,no,cellular,1,27,0,other,no
41,management,married,secondary,6479,yes,no,cellular,9,-1,1,success,no
69,admin.,married,secondary,6294,no,no,cellular,5,-1,5,other,yes
28,admin.,married,tertiary,6024,yes,no,telephone,8,12,3,unknown,no
66,services,single,tertiary,2644,yes,no,cellular,5,5,2,unknown,no
25,retired,single,secondary,3087,no,no,cellular,6,-1,4,unknown,no
53,retired,single,secondary,-424,yes,yes,telephone,8,21,5,unknown,no
55,student,married,tertiary,8507,no,no,cellular,2,28,1,unknown,no
57,housemaid,single,secondary,8459,no,no,unknown,3,-1,2,failure,yes
37,technician,married,tertiary,6053,no,no,cellular,9,-1,5,unknown,no
52,technician,single,secondary,7797,yes,yes,telephone,5,-1,3,unknown,no
65,blue-collar,divorced,tertiary,6194,no,no,cellular,5,-1,3,unknown,no
42,student,married,tertiary,2373,no,yes,telephone,9,-1,3,failure,no
52,admin.,single,secondary,2846,no,no,unknown,10,-1,3,failure,no
42,student,married,secondary,6524,yes,yes,cellular,3,-1,5,failure,no
46,student,married,secondary,2648,yes,no,telephone,4,-1,4,unknown,no
35,student,married,tertiary,9157,no,no,telephone,7,-1,4,failure,no
63,retired,married,tertiary,-256,no,no,cellular,2,-1,1,unknown,no
35,student,married,tertiary,2125,yes,no,cellular,8,-1,5,unknown,no
19,self-employed,single,secondary,3349,yes,no,cellular,5,-1,3,other,no
52,management,married,secondary,9097,yes,no,unknown,1,-1,4,unknown,no
33,technician,single,secondary,8673,yes,no,telephone,3,-1,5,unknown,no
58,blue-collar,married,secondary,7237,yes,no,cellular,9,16,2,unknown,no
53,management,married,tertiary,7833,yes,no,cellular,5,-1,4,failure,yes
50,blue-collar,single,tertiary,392,no,no,cellular,8,29,4,other,no
21,services,married,tertiary,4987,yes,no,cellular,1,-1,1,unknown,no
50,blue-collar,married,secondary,6751,no,no,cellular,7,-1,4,failure,yes
31,technician,single,primary,6810,yes,no,cellular,7,-1,2,unknown,no
38,technician,married,tertiary,1899,yes,yes,cellular,8,1,3,unknown,no
65,student,married,primary,4140,yes,no,cellular,3,18,0,unknown,yes
37,unemployed,married,tertiary,2460,yes,no,telephone,1,26,1,other,no
25,services,divorced,secondary,9891,no,no,unknown,9,30,2,other,no
24,self-employed,single,secondary,6825,no,no,telephone,1,-1,1,unknown,yes
20,admin.,single,tertiary,969,yes,no,telephone,6,-1,5,unknown,no
34,entrepreneur,single,secondary,2874,yes,no,cellular,9,-1,3,unknown,no
50,blue-collar,married,secondary,8347,yes,no,cellular,2,-1,4,other,yes
65,unemployed,married,tertiary,7734,no,yes,cellular,4,-1,5,unknown,no
29,student,single,tertiary,7423,no,no,telephone,2,18,4,other,no
68,retired,married,tertiary,4622,yes,no,unknown,4,23,2,failure,no
39,admin.,married,secondary,9352,no,yes,telephone,2,-1,3,other,yes
39,housemaid,married,secondary,4887,no,no,unknown,1,-1,0,other,no
63,unemployed,married,tertiary,7131,yes,no,cellular,3,-1,0,failure,yes
47,retired,divorced,primary,6726,yes,no,cellular,8,3,4,failure,no
55,services,married,tertiary,4608,no,no,cellular,5,-1,5,success,no
55,student,married,primary,1724,no,no,cellular,4,23,3,unknown,yes
62,admin.,married,tertiary,1610,yes,no,cellular,5,2,3,unknown,yes
68,admin.,divorced,tertiary,457,yes,no,telephone,6,-1,2,failure,no
25,admin.,married,secondary,6646,yes,no,cellular,6,-1,5,unknown,no
44,services,married,tertiary,60,yes,yes,cellular,5,-1,0,other,yes
44,blue-collar,single,tertiary,9022,no,no,cellular,6,25,2,success,no
51,housemaid,single,tertiary,6913,yes,no,cellular,9,-1,1,failure,yes
38,self-employed,married,secondary,812,no,no,cellular,5,30,3,unknown,no
47,services,married,tertiary,1321,no,no,cellular,6,-1,0,failure,yes
50,entrepreneur,married,secondary,5146,yes,no,cellular,4,6,2,success,no
45,housemaid,married,secondary,4445,yes,no,telephone,3,-1,4,unknown,no
64,technician,married,secondary,4874,yes,no,cellular,6,-1,1,unknown,yes
50,student,married,tertiary,2151,no,no,cellular,5,10,2,unknown,no
22,services,married,secondary,9506,yes,no,unknown,4,12,4,unknown,no
65,retired,married,secondary,9433,no,no,unknown,5,11,0,unknown,no
36,housemaid,single,secondary,4201,no,no,unknown,7,-1,0,success,no
21,entrepreneur,divorced,tertiary,2377,yes,no,cellular,1,28,1,success,no
52,technician,single,secondary,5082,no,no,cellular,1,30,4,unknown,no
66,blue-collar,married,secondary,4890,no,yes,cellular,1,-1,3,unknown,no
34,retired,married,tertiary,3583,yes,no,cellular,2,25,0,unknown,no
61,housemaid,divorced,secondary,245,yes,no,unknown,9,-1,5,success,no
45,student,married,primary,8249,no,no,cellular,5,4,3,success,yes
47,retired,married,primary,441,no,no,cellular,9,-1,3,failure,no
46,technician,married,secondary,3523,yes,no,cellular,5,28,2,other,no
63,retired,single,secondary,1796,yes,yes,cellular,7,-1,2,failure,no
70,management,single,tertiary,439,yes,no,cellular,6,-1,0,other,yes
23,self-employed,married,secondary,1110,no,no,telephone,2,-1,3,unknown,no
52,unemployed,married,secondary,5800,yes,no,unknown,3,-1,2,success,no
58,blue-collar,divorced,secondary,1225,yes,no,unknown,5,-1,4,failure,no
54,technician,married,primary,8676,no,no,cellular,4,-1,4,other,no
41,self-employed,single,secondary,9279,yes,no,cellular,6,6,4,success,no
46,self-employed,single,tertiary,9028,no,no,cellular,8,29,4,failure,no
66,retired,single,tertiary,8353,yes,no,cellular,8,14,3,failure,no
63,unemployed,married,secondary,6687,no,no,unknown,3,19,4,other,no
70,self-employed,married,secondary,-468,yes,no,cellular,4,-1,3,unknown,no
48,unemployed,married,primary,5485,no,no,telephone,1,-1,0,failure,no
52,retired,single,secondary,2914,no,no,cellular,2,-1,0,unknown,no
50,student,divorced,tertiary,656,yes,no,cellular,9,-1,4,unknown,no
69,management,married,secondary,2626,yes,no,cellular,10,26,4,unknown,no
38,self-employed,married,secondary,7752,yes,no,cellular,10,-1,4,success,no
49,services,divorced,secondary,1043,yes,no,telephone,2,22,0,other,no
40,management,single,secondary,-229,no,no,cellular,6,-1,2,unknown,no
50,retired,single,secondary,4795,no,no,telephone,7,15,0,unknown,yes
20,blue-collar,married,tertiary,3576,yes,no,telephone,6,-1,4,unknown,no
35,services,married,secondary,5402,no,no,cellular,8,-1,2,other,no
42,technician,single,secondary,2209,no,no,telephone,9,6,2,unknown,no
59,management,single,secondary,8846,no,no,cellular,8,-1,1,unknown,no
48,retired,married,tertiary,4721,yes,no,telephone,5,6,3,unknown,no
20,management,married,secondary,9437,yes,no,telephone,8,-1,4,unknown,no
57,self-employed,married,tertiary,8029,yes,no,unknown,10,-1,3,failure,no
63,services,married,secondary,6222,yes,no,cellular,10,25,1,failure,yes
41,entrepreneur,married,secondary,7701,yes,yes,cellular,9,-1,3,unknown,no
67,housemaid,divorced,secondary,3644,yes,no,cellular,8,8,4,unknown,no
49,management,married,tertiary,5106,yes,no,cellular,2,-1,1,unknown,yes
64,technician,single,secondary,6266,no,no,telephone,2,-1,3,unknown,no
39,technician,married,secondary,230,yes,no,unknown,3,-1,0,failure,no
40,admin.,single,secondary,4390,yes,no,cellular,7,-1,2,unknown,yes
19,management,divorced,tertiary,1148,yes,no,cellular,9,-1,1,failure,no
44,housemaid,married,secondary,3728,yes,no,cellular,8,-1,0,unknown,no
59,student,married,secondary,1630,no,no,cellular,9,-1,4,unknown,no
19,self-employed,married,secondary,3866,yes,no,cellular,6,2,2,failure,no
43,unemployed,married,secondary,1006,yes,no,cellular,1,4,1,failure,no
34,housemaid,single,tertiary,1658,yes,no,telephone,4,-1,2,failure,no
57,unemployed,divorced,tertiary,2416,yes,no,cellular,6,-1,5,success,no
50,unemployed,married,secondary,2729,yes,no,cellular,6,-1,5,unknown,no
26,entrepreneur,married,secondary,9358,no,no,telephone,8,-1,1,success,yes
60,admin.,married,secondary,5765,yes,no,cellular,1,-1,1,success,no
65,housemaid,single,secondary,3636,yes,yes,cellular,2,-1,3,failure,no
56,housemaid,married,secondary,2189,yes,no,telephone,2,30,2,unknown,no
46,entrepreneur,married,tertiary,6690,yes,no,telephone,6,8,5,other,no
59,management,single,primary,2310,no,no,cellular,7,-1,5,failure,no
43,management,single,primary,5652,no,yes,cellular,2,-1,2,unknown,no
52,management,married,tertiary,-488,no,yes,telephone,5,6,5,other,no
67,blue-collar,single,tertiary,5438,yes,no,telephone,6,-1,0,other,yes
42,unemployed,married,tertiary,7499,yes,no,cellular,4,12,5,unknown,no
41,blue-collar,married,secondary,6719,no,yes,cellular,1,24,5,failure,no
30,admin.,single,tertiary,4828,no,no,cellular,3,-1,4,unknown,yes
24,entrepreneur,single,secondary,3121,yes,no,cellular,10,-1,0,unknown,no
53,housemaid,married,secondary,3183,yes,no,cellular,9,12,3,unknown,no
62,self-employed,married,tertiary,7372,yes,no,cellular,6,27,1,failure,no
37,unemployed,married,secondary,4810,yes,yes,cellular,2,-1,5,unknown,no
18,blue-collar,married,secondary,152,yes,no,telephone,9,3,3,unknown,no
25,blue-collar,married,primary,5299,yes,no,cellular,4,-1,3,failure,no
63,retired,married,secondary,8312,no,no,telephone,8,-1,0,failure,no
33,blue-collar,married,secondary,3290,yes,no,telephone,10,8,1,unknown,no
31,student,single,primary,1145,yes,no,cellular,7,24,4,unknown,no
29,housemaid,single,tertiary,9935,yes,no,telephone,3,-1,3,unknown,no
68,student,single,tertiary,4012,no,no,telephone,8,12,4,unknown,no
40,housemaid,married,secondary,4259,yes,no,cellular,4,-1,1,unknown,no
32,entrepreneur,divorced,secondary,5374,no,no,cellular,2,-1,1,failure,no
45,housemaid,single,tertiary,3188,yes,no,cellular,5,-1,0,unknown,no
51,student,single,tertiary,7189,no,no,unknown,1,-1,2,unknown,no
19,housemaid,single,secondary,879,yes,no,cellular,8,-1,5,unknown,no
49,entrepreneur,divorced,secondary,3743,yes,yes,cellular,8,-1,0,failure,no
40,entrepreneur,married,secondary,9737,yes,no,telephone,3,13,4,failure,no
39,admin.,married,primary,9080,yes,no,cellular,1,14,0,failure,no
68,housemaid,single,secondary,6007,yes,no,cellular,4,-1,1,unknown,yes
42,self-employed,single,tertiary,7319,no,yes,telephone,9,-1,3,unknown,no
39,retired,single,secondary,8093,yes,no,cellular,9,-1,5,failure,no
39,management,married,tertiary,2153,yes,no,telephone,1,30,5,other,yes
66,technician,married,primary,5111,yes,no,telephone,7,-1,2,unknown,yes
69,entrepreneur,married,tertiary,5627,no,no,cellular,6,-1,1,unknown,no
59,services,divorced,secondary,3423,no,no,cellular,7,-1,5,other,no
23,management,married,tertiary,7959,no,no,telephone,7,-1,5,failure,yes
32,unemployed,married,tertiary,5412,yes,no,unknown,8,-1,3,failure,no
60,housemaid,married,secondary,4630,no,no,cellular,8,14,4,unknown,yes
54,student,married,primary,4939,no,no,cellular,10,17,4,unknown,no
50,technician,single,tertiary,7380,no,no,cellular,2,-1,4,failure,no
25,services,single,primary,5949,yes,no,telephone,4,-1,0,unknown,no
70,management,single,tertiary,1225,yes,no,telephone,4,-1,4,unknown,yes
61,housemaid,married,secondary,8804,yes,yes,cellular,10,23,4,unknown,no
61,admin.,single,secondary,7022,yes,no,unknown,8,-1,0,failure,no
22,unemployed,married,secondary,4284,no,no,cellular,3,1,3,unknown,yes
56,technician,single,primary,8972,yes,no,telephone,3,-1,1,unknown,no
21,retired,married,tertiary,732,yes,no,cellular,2,-1,5,unknown,no
23,admin.,married,tertiary,9555,no,yes,cellular,1,-1,2,unknown,no
62,services,single,secondary,8308,no,no,cellular,8,-1,5,unknown,no
49,technician,divorced,secondary,7838,yes,no,cellular,9,-1,4,unknown,no
69,admin.,married,tertiary,6946,no,no,telephone,9,-1,4,other,no
47,unemployed,single,secondary,4116,yes,no,cellular,8,-1,5,other,no
64,retired,married,secondary,4225,no,no,cellular,5,-1,5,other,no
52,admin.,married,tertiary,3177,no,yes,cellular,1,-1,4,failure,yes
57,blue-collar,married,secondary,5787,yes,no,cellular,9,-1,0,unknown,no
69,retired,married,secondary,7980,no,no,telephone,6,-1,0,unknown,yes
33,services,married,secondary,909,no,yes,telephone,7,23,0,other,no
30,unemployed,married,secondary,7705,yes,no,cellular,8,-1,2,other,no
67,self-employed,married,primary,-244,yes,no,cellular,5,-1,1,failure,no
59,housemaid,divorced,secondary,1221,no,no,cellular,6,-1,4,unknown,yes
47,student,married,secondary,923,yes,no,unknown,7,-1,3,other,no
36,student,single,secondary,4453,yes,no,unknown,7,-1,5,unknown,no
34,student,married,tertiary,2490,no,no,telephone,2,7,5,unknown,no
36,technician,single,secondary,695,no,no,unknown,1,-1,4,other,yes
45,services,married,tertiary,4059,yes,no,telephone,8,-1,4,unknown,no
43,unemployed,married,secondary,3865,yes,no,telephone,5,21,4,other,no
54,retired,married,secondary,744,yes,no,cellular,10,23,5,unknown,no
43,technician,married,secondary,6266,yes,no,cellular,2,27,4,other,no
70,services,married,tertiary,4802,yes,no,cellular,3,11,5,other,no
40,housemaid,single,primary,806,no,no,cellular,6,22,1,unknown,no
26,blue-collar,single,secondary,9813,yes,no,cellular,10,-1,3,unknown,no
29,unemployed,single,tertiary,1902,yes,no,cellular,6,-1,0,other,no
70,student,single,primary,-4,yes,no,cellular,8,-1,3,failure,no
18,admin.,married,secondary,2899,no,no,cellular,5,5,4,success,yes
18,self-employed,married,tertiary,409,yes,no,cellular,5,25,3,unknown,no
64,unemployed,married,secondary,-128,yes,no,cellular,7,-1,4,other,no
51,entrepreneur,married,primary,5736,yes,no,unknown,10,-1,3,unknown,no
49,services,married,tertiary,844,no,no,telephone,5,9,2,other,no
65,management,married,primary,8015,no,no,telephone,9,24,3,other,no
42,housemaid,married,tertiary,1931,yes,no,cellular,6,-1,0,unknown,no
57,blue-collar,married,secondary,4170,yes,no,cellular,7,28,0,unknown,no
62,housemaid,single,primary,2284,yes,no,cellular,8,-1,3,unknown,no
70,unemployed,single,secondary,8907,yes,no,unknown,5,-1,5,unknown,no
18,management,married,secondary,1195,yes,no,cellular,4,-1,5,failure,no
33,entrepreneur,divorced,tertiary,1407,yes,no,cellular,8,-1,5,unknown,no
56,retired,divorced,tertiary,4314,yes,no,telephone,10,-1,3,success,no
22,admin.,married,primary,280,yes,no,cellular,9,8,5,other,no
39,management,married,secondary,519,yes,yes,cellular,1,9,1,failure,no
46,services,married,tertiary,903,no,no,cellular,3,9,3,unknown,yes
20,student,divorced,tertiary,926,yes,no,cellular,4,-1,0,failure,no
29,entrepreneur,single,secondary,8355,yes,no,cellular,7,-1,5,failure,no
43,admin.,married,secondary,5368,yes,no,cellular,6,-1,2,other,no
33,self-employed,married,secondary,-490,no,no,telephone,10,-1,5,success,no
68,blue-collar,married,secondary,5830,no,no,telephone,10,-1,0,success,yes
54,student,married,primary,8730,yes,no,cellular,1,-1,1,other,yes
39,unemployed,married,tertiary,2325,yes,no,unknown,4,-1,3,failure,no
46,management,single,tertiary,6964,yes,no,cellular,6,10,5,failure,no
31,admin.,single,primary,2503,yes,no,cellular,3,-1,2,failure,no
45,technician,single,secondary,8767,yes,yes,cellular,2,27,0,unknown,no
22,retired,single,tertiary,6695,no,no,cellular,2,-1,2,unknown,no
64,self-employed,single,secondary,6220,yes,no,cellular,10,29,4,unknown,no
66,retired,married,tertiary,2588,no,no,cellular,4,-1,0,unknown,no
47,entrepreneur,single,secondary,1289,yes,no,telephone,1,-1,4,success,yes
63,blue-collar,married,primary,2536,no,no,cellular,10,-1,2,other,no
69,entrepreneur,single,secondary,6877,no,no,cellular,2,17,3,unknown,yes
22,technician,married,secondary,7098,yes,no,unknown,10,-1,3,unknown,no
29,services,single,tertiary,4338,yes,no,cellular,2,-1,3,unknown,yes
33,blue-collar,married,secondary,5372,yes,no,cellular,4,18,4,unknown,no
43,housemaid,married,tertiary,3153,yes,no,telephone,4,-1,3,failure,no
43,services,married,secondary,3799,yes,no,cellular,1,-1,1,unknown,no
65,blue-collar,married,tertiary,8768,no,no,cellular,7,-1,0,unknown,no
38,blue-collar,single,secondary,473,yes,no,cellular,7,1,0,other,no
56,technician,single,secondary,6583,no,no,cellular,10,-1,2,unknown,no
53,unemployed,married,secondary,4994,yes,yes,cellular,10,-1,5,success,no
50,technician,married,secondary,9557,no,no,cellular,10,-1,4,unknown,no
47,blue-collar,married,secondary,8991,yes,no,unknown,1,-1,0,failure,yes
54,admin.,married,secondary,2906,no,no,telephone,8,10,4,failure,no
40,services,married,secondary,4650,yes,no,cellular,10,-1,2,unknown,no
27,technician,single,secondary,8850,yes,no,telephone,7,-1,3,other,no
22,unemployed,married,tertiary,2629,no,no,unknown,7,-1,5,unknown,no
53,management,married,primary,-396,yes,no,cellular,6,-1,2,unknown,yes
51,entrepreneur,married,secondary,6933,no,no,cellular,4,-1,1,other,no
69,blue-collar,married,tertiary,7189,no,no,cellular,8,-1,3,failure,no
48,housemaid,married,tertiary,3067,yes,yes,telephone,2,-1,3,unknown,no
27,management,single,secondary,3848,yes,no,cellular,7,26,3,unknown,no
36,retired,married,tertiary,3890,no,yes,unknown,3,-1,2,unknown,no
49,student,married,secondary,6311,yes,no,cellular,3,-1,1,unknown,no
18,unemployed,married,secondary,681,no,no,cellular,7,-1,5,unknown,no
22,housemaid,married,secondary,4144,no,no,cellular,3,-1,4,other,yes
62,student,married,tertiary,5373,yes,no,cellular,5,20,2,unknown,yes
21,unemployed,divorced,tertiary,3894,yes,no,telephone,8,-1,0,unknown,no
33,admin.,single,secondary,3034,no,yes,unknown,4,-1,0,unknown,no
41,entrepreneur,married,secondary,5344,yes,no,cellular,7,2,2,other,no
33,management,married,primary,5439,yes,no,unknown,7,-1,4,unknown,no
19,services,married,secondary,5975,yes,no,telephone,2,-1,0,unknown,no
66,unemployed,married,secondary,1274,yes,no,cellular,8,-1,4,unknown,no
45,services,single,primary,7783,yes,no,telephone,10,-1,3,unknown,yes
49,entrepreneur,single,tertiary,-54,yes,yes,cellular,10,-1,2,unknown,no
44,blue-collar,married,tertiary,-392,no,no,cellular,9,-1,3,other,no
37,retired,married,tertiary,2739,yes,no,cellular,6,-1,0,other,no
41,management,married,tertiary,5431,yes,yes,telephone,5,-1,4,unknown,no
29,entrepreneur,single,secondary,3553,no,no,cellular,1,-1,3,other,no
67,entrepreneur,single,secondary,4037,no,no,telephone,1,28,0,unknown,no
52,admin.,married,secondary,5861,no,yes,telephone,9,-1,1,failure,no
50,student,married,primary,745,yes,no,cellular,4,26,3,failure,no
50,retired,single,tertiary,2220,no,no,cellular,1,-1,1,unknown,no
68,management,married,secondary,7969,yes,no,cellular,10,13,1,unknown,no
60,blue-collar,married,tertiary,7241,yes,no,cellular,3,-1,5,unknown,no
54,blue-collar,married,secondary,4605,yes,no,cellular,6,-1,0,failure,no
29,technician,single,secondary,2422,yes,no,cellular,8,20,2,failure,no
20,entrepreneur,married,tertiary,2013,no,yes,cellular,10,22,4,unknown,no
18,unemployed,married,secondary,8530,yes,no,cellular,2,-1,0,failure,no
50,admin.,single,primary,2301,no,no,cellular,8,-1,5,other,no
57,retired,married,secondary,6481,no,no,cellular,1,-1,5,unknown,no
27,blue-collar,married,tertiary,7721,no,no,telephone,2,22,3,unknown,no
60,management,married,tertiary,6002,yes,no,unknown,8,-1,4,failure,no
61,technician,married,secondary,5538,no,no,cellular,7,1,5,failure,no
46,management,single,primary,5729,yes,no,cellular,5,5,2,other,yes
30,admin.,married,secondary,8949,yes,no,cellular,10,12,0,success,no
29,unemployed,married,secondary,-136,no,yes,cellular,2,-1,2,unknown,no
48,technician,married,secondary,1300,yes,no,cellular,9,-1,3,unknown,no
63,technician,single,tertiary,5458,yes,yes,cellular,5,28,0,failure,no
19,student,single,secondary,8596,no,no,unknown,8,-1,3,failure,yes
68,retired,married,secondary,6936,yes,no,cellular,4,7,4,success,no
67,technician,married,secondary,4293,no,yes,telephone,9,-1,4,unknown,no
52,self-employed,single,secondary,9870,yes,no,cellular,10,2,2,success,yes
40,student,married,tertiary,7660,yes,no,cellular,7,-1,2,unknown,no
34,student,single,secondary,-321,yes,no,cellular,2,-1,4,other,no
43,admin.,single,secondary,3373,yes,no,cellular,3,6,1,other,no
25,self-employed,single,secondary,3460,yes,yes,cellular,2,-1,4,success,no
46,services,married,secondary,686,no,no,cellular,5,3,0,unknown,no
43,management,married,primary,273,yes,no,cellular,2,-1,3,unknown,no
27,unemployed,single,secondary,3960,no,no,cellular,5,-1,4,unknown,no
43,housemaid,married,primary,-148,yes,no,telephone,9,-1,4,other,no
51,management,married,secondary,6443,yes,no,unknown,2,-1,5,other,yes
68,technician,single,secondary,4702,no,no,cellular,9,-1,3,other,no
58,unemployed,single,primary,4844,no,no,cellular,7,6,5,other,no
24,blue-collar,married,secondary,4007,yes,no,cellular,7,14,3,other,no
21,services,married,tertiary,4330,no,no,unknown,5,-1,0,unknown,no
70,blue-collar,married,primary,-383,no,no,cellular,8,-1,3,failure,yes
67,self-employed,single,secondary,-19,yes,no,cellular,7,1,2,other,no
62,blue-collar,divorced,secondary,3787,no,no,cellular,6,4,4,other,no
28,retired,married,tertiary,6302,yes,yes,cellular,2,5,3,success,no
46,management,married,secondary,7798,no,no,cellular,6,3,0,unknown,no
53,housemaid,single,secondary,3977,no,no,unknown,2,-1,3,failure,yes
42,admin.,married,secondary,6033,no,no,unknown,1,-1,4,success,no
38,housemaid,married,secondary,-257,yes,no,cellular,9,-1,1,unknown,no
53,blue-collar,divorced,tertiary,6512,yes,yes,cellular,5,-1,3,other,no
27,technician,married,secondary,365,no,no,cellular,10,4,2,other,no
54,services,single,secondary,9253,yes,no,cellular,10,-1,4,unknown,no
26,entrepreneur,married,tertiary,4829,yes,no,unknown,4,25,0,failure,no
41,housemaid,married,secondary,103,no,no,cellular,8,16,4,unknown,yes
52,blue-collar,single,secondary,5256,yes,no,cellular,5,18,5,failure,no
66,services,married,tertiary,3518,yes,no,cellular,7,23,1,unknown,no
52,unemployed,divorced,secondary,4692,yes,no,telephone,3,-1,0,unknown,no
65,management,married,tertiary,1515,yes,yes,cellular,8,17,1,unknown,no
53,student,married,primary,9350,no,no,cellular,8,-1,1,unknown,no
35,retired,married,secondary,2880,no,no,cellular,3,-1,2,unknown,no
66,services,married,tertiary,3270,yes,no,cellular,9,12,3,unknown,no
56,technician,married,secondary,5329,no,no,unknown,8,-1,2,failure,no
49,self-employed,married,secondary,1113,no,yes,cellular,1,30,2,unknown,no
41,technician,married,primary,1379,no,no,cellular,8,3,5,failure,no
40,services,married,primary,4872,yes,yes,cellular,4,9,2,unknown,no
49,technician,single,secondary,3608,no,no,telephone,6,-1,0,unknown,no
54,management,single,tertiary,8791,yes,yes,cellular,10,3,3,unknown,no
29,technician,single,primary,8766,no,no,cellular,9,-1,3,unknown,no
66,housemaid,married,primary,8478,no,no,cellular,5,17,0,unknown,no
30,student,married,secondary,-352,yes,no,telephone,7,-1,2,failure,no
40,technician,single,secondary,1254,no,yes,telephone,1,5,2,failure,no
42,student,married,secondary,9861,yes,no,unknown,9,-1,1,unknown,no
52,blue-collar,married,primary,6878,no,no,cellular,6,-1,1,unknown,no
58,admin.,single,secondary,6181,yes,no,cellular,4,-1,5,unknown,yes
47,management,single,tertiary,3256,no,no,unknown,6,-1,4,unknown,yes
34,admin.,married,secondary,8871,yes,no,cellular,5,7,1,failure,no
66,blue-collar,married,secondary,8616,yes,no,cellular,3,-1,3,unknown,no
37,management,single,secondary,4892,yes,no,telephone,7,-1,0,failure,no
65,services,married,primary,9295,yes,yes,cellular,3,-1,2,failure,yes
42,services,single,secondary,2552,yes,no,cellular,2,-1,4,success,yes
39,student,single,tertiary,5192,no,no,telephone,4,-1,1,unknown,no
30,blue-collar,single,secondary,3718,yes,yes,telephone,7,15,4,unknown,no
36,student,married,secondary,4303,yes,no,cellular,5,-1,0,failure,no
66,retired,married,secondary,1877,yes,no,cellular,9,-1,0,unknown,no
53,technician,single,secondary,4586,no,no,cellular,10,-1,4,other,no
29,entrepreneur,single,secondary,2682,no,no,cellular,7,-1,4,unknown,no
58,retired,single,secondary,2660,no,yes,cellular,9,-1,5,unknown,yes
36,technician,married,secondary,6076,no,no,cellular,9,-1,4,success,no
29,management,married,secondary,8403,yes,no,unknown,2,12,2,unknown,no
26,student,single,primary,2086,yes,yes,telephone,1,-1,3,success,no
24,management,single,primary,2148,yes,no,telephone,4,-1,1,unknown,no
45,management,divorced,secondary,6813,no,yes,cellular,4,-1,1,other,no
31,technician,single,tertiary,1217,no,no,cellular,2,-1,1,failure,no
48,blue-collar,married,primary,4808,yes,no,unknown,3,28,4,unknown,no
69,self-employed,single,secondary,6907,yes,no,cellular,3,-1,4,failure,no
36,technician,single,tertiary,370,yes,no,cellular,5,29,5,unknown,no
64,unemployed,married,primary,3074,yes,yes,cellular,1,-1,4,failure,no
33,services,single,secondary,5327,no,no,unknown,9,-1,5,other,yes
70,services,married,secondary,7486,yes,yes,unknown,8,-1,5,unknown,yes
22,retired,married,primary,7962,no,no,cellular,8,-1,2,success,no
52,services,single,tertiary,9235,yes,no,unknown,3,-1,2,unknown,no
29,technician,married,secondary,8241,no,no,cellular,2,-1,2,unknown,no
42,housemaid,married,secondary,5269,no,no,cellular,1,-1,2,unknown,no
69,student,married,secondary,5233,no,no,telephone,6,-1,0,other,no
38,technician,married,tertiary,9404,no,no,unknown,10,-1,2,unknown,no
53,self-employed,married,tertiary,2740,no,no,cellular,1,-1,2,unknown,no
70,technician,married,primary,9054,no,no,cellular,5,21,2,failure,yes
40,entrepreneur,divorced,secondary,4393,no,no,telephone,9,-1,5,unknown,no
33,student,married,tertiary,8976,no,no,telephone,9,6,1,failure,no
56,unemployed,married,tertiary,386,no,no,unknown,4,-1,1,unknown,no
62,services,married,secondary,5354,no,yes,cellular,7,-1,1,unknown,yes
70,student,single,secondary,4818,no,no,unknown,7,-1,3,unknown,no
59,services,married,primary,1758,no,no,unknown,4,-1,0,unknown,no
56,retired,single,tertiary,3882,yes,no,cellular,5,-1,5,failure,no
31,student,single,secondary,1285,yes,no,telephone,9,-1,4,success,yes
48,services,single,tertiary,7227,yes,yes,cellular,7,-1,5,failure,no
22,unemployed,married,secondary,-205,yes,yes,cellular,7,-1,2,other,no
52,admin.,single,tertiary,9745,no,no,cellular,10,20,1,unknown,no
40,management,married,tertiary,2097,yes,no,cellular,7,-1,5,unknown,no
46,management,divorced,secondary,180,no,no,cellular,9,-1,0,other,no
60,unemployed,single,primary,4390,yes,no,unknown,5,-1,2,unknown,no
28,entrepreneur,married,tertiary,3798,yes,no,cellular,6,20,3,unknown,no
35,admin.,married,secondary,-176,no,no,cellular,3,-1,4,failure,no
64,retired,married,tertiary,7452,no,yes,unknown,1,-1,2,failure,no
29,unemployed,single,secondary,9983,yes,no,cellular,2,24,4,unknown,yes
26,management,married,secondary,486,no,no,cellular,8,6,5,other,no
27,management,married,secondary,2618,no,no,cellular,1,-1,2,unknown,no
61,management,married,secondary,260,yes,no,cellular,10,-1,3,other,no
34,blue-collar,single,tertiary,7258,yes,no,cellular,7,12,5,unknown,no
55,unemployed,single,secondary,8728,no,no,telephone,5,16,0,unknown,yes
24,technician,single,tertiary,406,yes,no,cellular,6,-1,4,success,no
63,retired,single,tertiary,4999,yes,no,telephone,8,-1,4,success,no
30,management,married,secondary,-136,yes,no,cellular,4,-1,0,failure,no
57,services,married,tertiary,7269,no,no,cellular,6,-1,4,failure,no
59,unemployed,single,secondary,2913,no,no,telephone,3,3,5,other,no
26,self-employed,married,secondary,7527,no,no,telephone,7,-1,1,unknown,no
67,blue-collar,married,secondary,7439,yes,no,cellular,2,27,0,unknown,yes
44,unemployed,married,secondary,8761,no,no,cellular,8,9,3,unknown,yes
19,retired,married,secondary,9947,yes,yes,cellular,7,-1,2,failure,yes
22,blue-collar,married,tertiary,2581,yes,yes,cellular,8,-1,2,unknown,no
46,retired,single,secondary,4948,yes,no,cellular,2,-1,0,other,no
54,unemployed,married,secondary,2758,yes,no,telephone,3,-1,1,unknown,no
55,technician,married,primary,1607,no,no,cellular,4,1,5,unknown,yes
36,self-employed,married,tertiary,7428,no,no,telephone,9,-1,3,unknown,no
25,retired,single,tertiary,2433,yes,no,cellular,5,-1,2,unknown,no
65,blue-collar,married,secondary,2329,no,no,cellular,6,-1,2,failure,no
62,blue-collar,single,tertiary,8133,no,yes,cellular,1,15,5,success,yes
18,retired,single,tertiary,4506,no,no,cellular,4,-1,1,unknown,no
39,housemaid,married,tertiary,1059,yes,no,unknown,4,-1,4,other,no
69,unemployed,divorced,tertiary,1241,no,no,cellular,10,10,0,unknown,no
34,housemaid,divorced,secondary,5330,yes,no,cellular,8,-1,1,unknown,no
24,entrepreneur,single,secondary,7023,no,no,telephone,8,1,1,unknown,no
42,unemployed,single,secondary,125,yes,no,cellular,10,-1,1,failure,no
62,retired,married,secondary,1190,no,yes,cellular,6,30,1,failure,no
21,admin.,married,tertiary,7782,yes,no,cellular,8,-1,4,success,no
53,retired,married,secondary,5810,yes,no,telephone,9,-1,5,unknown,no
23,housemaid,married,primary,2506,no,no,unknown,5,-1,3,unknown,no
48,technician,divorced,primary,3802,no,no,unknown,1,-1,1,unknown,no
36,retired,married,secondary,588,no,no,cellular,1,-1,1,unknown,no
61,retired,single,secondary,5507,no,no,unknown,2,-1,0,failure,no
56,technician,single,primary,4111,yes,no,cellular,2,27,2,failure,yes
44,retired,single,primary,8872,yes,no,cellular,5,26,4,unknown,no
27,management,divorced,secondary,7428,yes,no,telephone,7,-1,1,unknown,no
43,admin.,married,secondary,9593,yes,no,cellular,7,-1,3,failure,yes
36,services,married,tertiary,3990,no,no,cellular,4,-1,3,unknown,no
56,admin.,married,tertiary,7878,no,no,cellular,4,15,3,other,no
20,self-employed,married,secondary,1097,no,yes,cellular,10,-1,0,failure,no
62,retired,married,tertiary,3247,no,no,telephone,3,-1,3,unknown,yes
30,management,married,secondary,2170,no,no,cellular,2,10,5,success,no
67,unemployed,single,secondary,7931,yes,no,cellular,3,9,0,unknown,yes
45,retired,married,secondary,2080,yes,no,cellular,8,-1,4,success,no
37,housemaid,married,secondary,6932,no,no,unknown,1,22,3,unknown,no
45,management,single,secondary,7830,yes,no,telephone,4,23,2,unknown,no
25,technician,married,secondary,2006,yes,no,cellular,7,-1,1,unknown,no
58,management,married,secondary,4225,yes,no,unknown,5,-1,4,failure,no
56,technician,single,secondary,9937,no,no,telephone,2,30,5,failure,no
18,entrepreneur,single,secondary,3800,yes,no,cellular,1,-1,2,unknown,no
20,services,single,primary,9441,no,no,cellular,6,-1,4,failure,yes
30,student,married,secondary,8259,no,no,cellular,5,-1,5,unknown,no
45,management,single,secondary,6502,yes,no,telephone,3,22,3,unknown,no
66,blue-collar,single,tertiary,8573,no,no,cellular,9,9,4,failure,no
42,housemaid,married,primary,5631,no,no,cellular,3,-1,4,unknown,no
50,retired,single,secondary,8331,no,no,cellular,2,29,4,unknown,no
55,housemaid,single,tertiary,4037,no,no,unknown,5,7,0,unknown,no
70,admin.,married,tertiary,1835,yes,no,cellular,9,18,2,other,yes
23,student,married,tertiary,3821,no,no,unknown,8,-1,5,other,no
61,admin.,divorced,secondary,2485,yes,yes,unknown,6,-1,3,failure,no
62,entrepreneur,single,tertiary,59,no,yes,cellular,3,5,1,failure,no
49,student,married,secondary,213,no,no,cellular,6,-1,3,other,no
62,student,single,tertiary,4093,no,no,cellular,5,2,3,unknown,no
64,admin.,married,tertiary,3488,yes,no,unknown,1,15,0,success,yes
38,technician,married,secondary,5703,yes,no,cellular,5,-1,0,failure,no
33,admin.,married,tertiary,-244,yes,no,cellular,7,18,4,success,no
38,housemaid,divorced,secondary,8268,yes,no,cellular,9,-1,3,failure,yes
28,technician,divorced,tertiary,-463,yes,no,cellular,1,-1,2,success,no
54,housemaid,married,secondary,9764,yes,no,unknown,3,-1,0,unknown,yes
53,entrepreneur,married,secondary,8152,yes,no,telephone,8,-1,5,other,no
52,retired,married,secondary,9132,no,no,unknown,6,-1,0,failure,no
36,self-employed,divorced,primary,1332,yes,no,cellular,5,14,2,failure,no
37,unemployed,divorced,secondary,7100,no,no,cellular,10,1,0,unknown,no
35,technician,single,secondary,4667,no,no,unknown,2,-1,2,other,no
64,entrepreneur,single,secondary,-68,yes,yes,cellular,3,1,1,success,yes
58,self-employed,single,tertiary,3651,no,no,unknown,2,-1,2,unknown,no
66,blue-collar,married,tertiary,5911,yes,no,cellular,1,-1,1,other,no
31,entrepreneur,married,secondary,1251,no,yes,cellular,7,-1,5,unknown,no
32,admin.,married,secondary,9739,yes,no,telephone,3,-1,4,unknown,yes
48,admin.,single,secondary,4497,yes,no,unknown,7,11,4,other,no
18,unemployed,single,secondary,5220,no,no,unknown,7,-1,0,unknown,no
70,entrepreneur,married,secondary,7116,yes,no,cellular,8,7,2,unknown,yes
20,services,divorced,tertiary,-244,no,no,cellular,1,3,0,failure,no
33,retired,married,secondary,171,yes,no,cellular,5,27,2,unknown,no
40,admin.,married,secondary,-11,yes,no,cellular,10,-1,0,failure,no
28,unemployed,single,secondary,6389,yes,no,telephone,9,-1,4,failure,no
29,retired,single,primary,1596,yes,no,cellular,7,-1,5,unknown,no
27,entrepreneur,single,primary,1182,yes,no,unknown,1,30,4,unknown,no
49,entrepreneur,married,tertiary,1960,yes,no,cellular,8,-1,0,unknown,no
33,student,married,secondary,4029,yes,no,telephone,3,-1,2,failure,no
25,unemployed,single,secondary,4621,no,no,cellular,4,-1,3,unknown,no
55,self-employed,married,secondary,1475,yes,no,cellular,4,-1,5,unknown,no
29,admin.,married,secondary,2716,no,no,unknown,10,-1,2,failure,no
41,services,single,secondary,9081,yes,no,cellular,8,-1,0,unknown,no
45,entrepreneur,married,tertiary,4015,no,yes,unknown,1,-1,2,other,no
70,services,single,tertiary,5192,yes,no,unknown,8,-1,1,failure,no
25,entrepreneur,single,tertiary,9276,yes,no,telephone,9,-1,2,failure,no
45,admin.,married,secondary,4439,yes,no,cellular,9,-1,4,other,yes
53,retired,married,tertiary,5063,yes,no,cellular,5,-1,4,unknown,yes
43,management,single,secondary,2463,no,yes,cellular,4,26,1,failure,no
25,retired,single,secondary,4029,yes,no,cellular,4,-1,5,unknown,no
67,entrepreneur,single,tertiary,6286,no,no,cellular,9,15,2,failure,no
45,housemaid,single,secondary,5700,yes,yes,cellular,8,-1,5,other,yes
45,management,single,secondary,476,yes,no,cellular,10,22,3,unknown,no
54,self-employed,divorced,secondary,6845,no,yes,cellular,10,-1,2,failure,no
58,management,married,tertiary,-455,yes,no,cellular,7,-1,4,unknown,no
53,services,married,tertiary,693,no,no,cellular,3,-1,4,unknown,no
44,unemployed,married,secondary,4012,yes,no,cellular,4,8,5,unknown,no
34,services,married,tertiary,4443,no,no,telephone,9,-1,0,unknown,no
26,services,married,secondary,5782,yes,no,cellular,8,-1,4,unknown,no
50,self-employed,married,secondary,-254,no,no,cellular,1,-1,0,unknown,yes
70,housemaid,divorced,tertiary,2719,no,no,cellular,3,-1,4,failure,no
37,retired,married,tertiary,8483,yes,no,telephone,10,-1,4,unknown,no
30,retired,married,primary,136,yes,no,cellular,2,-1,3,success,no
45,blue-collar,married,secondary,3275,yes,no,cellular,2,-1,0,success,no
65,entrepreneur,married,tertiary,1921,no,no,unknown,8,-1,0,failure,no
46,housemaid,married,tertiary,8780,yes,no,telephone,6,16,4,unknown,yes
30,blue-collar,married,primary,3683,yes,no,cellular,6,-1,0,unknown,no
63,admin.,married,secondary,212,yes,no,cellular,4,-1,4,failure,no
52,entrepreneur,single,tertiary,5345,yes,yes,cellular,1,15,4,failure,no
23,entrepreneur,single,tertiary,4823,no,no,cellular,7,-1,5,unknown,no
35,student,single,secondary,5532,no,no,unknown,8,-1,2,other,yes
68,student,single,secondary,3144,yes,no,cellular,2,17,0,other,no
22,technician,married,secondary,7273,no,yes,unknown,2,-1,1,unknown,no
64,technician,single,tertiary,1608,yes,yes,cellular,1,-1,5,unknown,yes
42,services,single,primary,3114,yes,no,unknown,4,28,0,failure,no
19,admin.,married,tertiary,8934,yes,no,cellular,6,26,0,other,yes
27,management,single,tertiary,9751,no,no,cellular,5,-1,3,unknown,no
47,management,married,secondary,6457,no,no,cellular,4,-1,1,unknown,no
67,student,single,secondary,4779,no,no,cellular,4,-1,1,success,yes
62,student,divorced,secondary,3832,yes,no,cellular,10,-1,3,failure,no
22,student,married,secondary,3400,yes,no,telephone,7,-1,3,failure,no
50,housemaid,single,secondary,7439,yes,no,cellular,7,-1,0,unknown,no
18,unemployed,single,secondary,6463,no,no,telephone,2,25,2,unknown,no
35,technician,divorced,secondary,4068,no,yes,cellular,7,19,3,failure,no
49,housemaid,married,secondary,7338,no,no,cellular,2,-1,1,unknown,yes
64,retired,single,secondary,1345,yes,no,unknown,4,-1,1,unknown,no
66,management,married,secondary,-118,yes,yes,cellular,1,-1,0,unknown,no
28,self-employed,married,secondary,3612,yes,yes,cellular,5,-1,2,unknown,no
38,entrepreneur,married,primary,6569,yes,yes,cellular,1,-1,4,other,no
43,technician,divorced,tertiary,3310,yes,no,cellular,4,9,3,other,no
42,blue-collar,single,tertiary,9588,yes,no,unknown,9,-1,3,unknown,no
39,retired,single,secondary,1009,yes,no,telephone,8,19,0,unknown,no
44,technician,divorced,tertiary,7073,no,no,cellular,6,-1,5,failure,no
66,self-employed,married,tertiary,1078,no,no,unknown,8,-1,5,unknown,no
30,housemaid,married,tertiary,379,yes,no,cellular,5,-1,2,success,yes
50,admin.,married,secondary,1662,yes,yes,cellular,7,-1,1,success,no
51,entrepreneur,married,tertiary,9264,yes,no,unknown,8,22,1,failure,no
58,technician,married,tertiary,9340,no,no,cellular,7,6,4,unknown,no
52,unemployed,married,tertiary,7214,no,no,telephone,4,-1,1,unknown,no
18,student,married,tertiary,859,no,no,telephone,5,-1,5,success,no
38,student,married,secondary,3931,no,yes,telephone,10,-1,5,unknown,no
65,entrepreneur,married,tertiary,7648,yes,no,unknown,6,30,3,unknown,no
23,self-employed,married,secondary,3460,yes,no,cellular,6,9,4,unknown,no
45,housemaid,divorced,tertiary,3311,yes,no,cellular,9,-1,2,failure,no
34,student,single,secondary,3742,yes,no,cellular,10,-1,4,failure,no
22,technician,divorced,secondary,3717,no,no,telephone,2,-1,2,unknown,no
48,blue-collar,married,secondary,-420,yes,no,cellular,6,-1,5,unknown,no
22,management,married,tertiary,2232,yes,no,cellular,3,-1,1,unknown,no
55,management,single,secondary,7333,yes,no,cellular,2,-1,0,unknown,no
20,retired,married,tertiary,2209,no,no,unknown,6,25,4,unknown,no
70,services,married,tertiary,1922,yes,no,telephone,4,-1,4,failure,no
40,admin.,married,secondary,3141,no,no,cellular,5,-1,3,unknown,no
54,entrepreneur,married,secondary,167,yes,no,cellular,5,21,3,other,yes
70,retired,married,secondary,1996,yes,no,cellular,3,-1,5,success,yes
54,services,married,primary,2999,yes,yes,cellular,4,-1,2,failure,no
27,housemaid,single,tertiary,9136,no,no,cellular,3,-1,0,unknown,no
27,unemployed,married,secondary,9037,yes,no,unknown,7,-1,3,unknown,yes
36,unemployed,married,secondary,7580,no,no,unknown,1,-1,3,failure,no
34,admin.,single,tertiary,6323,yes,no,cellular,6,-1,1,failure,no
38,student,married,tertiary,689,yes,no,cellular,4,6,1,success,no
31,technician,married,tertiary,6104,no,no,cellular,1,-1,5,unknown,no
26,retired,single,tertiary,8150,yes,no,cellular,1,12,5,unknown,no
63,retired,married,secondary,8904,no,no,cellular,5,-1,3,unknown,no
18,entrepreneur,married,secondary,8603,no,no,cellular,5,12,2,unknown,no
68,entrepreneur,married,secondary,525,yes,no,cellular,10,2,0,other,no
62,unemployed,married,secondary,7285,no,no,telephone,7,3,3,failure,no
30,unemployed,married,secondary,-429,yes,no,telephone,4,-1,2,unknown,no
21,self-employed,single,secondary,5046,yes,yes,cellular,9,2,2,success,no
18,blue-collar,married,secondary,2185,yes,no,cellular,4,-1,3,failure,no
66,blue-collar,married,primary,8885,no,no,unknown,7,18,2,failure,no
57,self-employed,married,tertiary,6872,yes,no,unknown,5,-1,4,unknown,no
49,student,married,tertiary,1348,no,no,cellular,5,-1,2,unknown,no
51,blue-collar,single,tertiary,1522,no,no,cellular,6,-1,3,other,no
45,technician,married,secondary,5838,yes,no,cellular,8,8,2,unknown,no
48,technician,married,tertiary,3241,yes,yes,cellular,5,-1,3,failure,no
25,retired,married,secondary,798,yes,no,cellular,3,24,1,unknown,no
56,management,married,tertiary,3602,yes,no,cellular,6,28,3,unknown,no
43,self-employed,married,secondary,404,yes,no,cellular,2,-1,2,failure,no
51,technician,single,primary,2526,no,no,cellular,8,-1,3,unknown,no
20,services,married,secondary,9720,no,no,cellular,8,8,0,unknown,no
67,unemployed,married,secondary,6209,no,no,unknown,3,-1,3,success,yes
29,entrepreneur,married,primary,4211,no,no,cellular,8,-1,3,failure,no
18,blue-collar,single,secondary,7521,no,no,telephone,9,23,0,unknown,no
61,self-employed,married,tertiary,5469,yes,no,cellular,5,27,0,success,no
22,retired,single,tertiary,2120,no,no,cellular,5,24,0,unknown,no
47,admin.,single,tertiary,2146,no,no,cellular,6,-1,5,unknown,no
47,entrepreneur,single,primary,4365,yes,yes,cellular,7,-1,4,other,no
34,services,married,primary,6845,no,no,cellular,3,-1,5,failure,no
65,blue-collar,married,secondary,1789,yes,no,cellular,5,-1,3,unknown,no
64,services,single,tertiary,6870,no,no,cellular,1,-1,5,other,yes
40,unemployed,divorced,tertiary,3372,no,no,telephone,10,-1,5,unknown,no
32,unemployed,single,tertiary,9177,no,no,cellular,5,-1,0,unknown,no
54,student,married,secondary,7190,yes,no,telephone,4,10,0,unknown,no
38,retired,married,tertiary,940,no,no,cellular,1,8,1,unknown,no
31,entrepreneur,married,primary,265,yes,no,cellular,7,15,5,unknown,no
19,housemaid,single,primary,3592,yes,no,cellular,1,-1,4,unknown,no
28,housemaid,married,secondary,8841,no,no,telephone,8,-1,3,unknown,no
68,entrepreneur,married,secondary,9664,no,no,unknown,10,12,2,unknown,no
56,admin.,single,secondary,2166,no,no,unknown,2,-1,4,unknown,no
55,retired,married,tertiary,8155,yes,no,cellular,10,-1,4,unknown,yes
51,services,single,tertiary,5468,yes,no,unknown,5,-1,1,failure,no
55,admin.,married,secondary,7141,no,no,cellular,6,-1,3,unknown,no
67,management,married,secondary,1681,yes,no,unknown,9,-1,3,success,no
51,entrepreneur,married,secondary,9334,yes,no,cellular,7,18,0,other,yes
35,services,single,secondary,3388,no,no,cellular,6,23,0,failure,no
47,housemaid,married,primary,340,yes,no,cellular,5,-1,4,unknown,no
32,technician,married,tertiary,5399,no,yes,cellular,6,-1,1,other,no
44,self-employed,divorced,secondary,3618,yes,no,telephone,4,16,3,unknown,no
68,student,married,tertiary,65,yes,no,unknown,1,-1,1,unknown,yes
51,housemaid,married,secondary,5505,yes,no,cellular,9,-1,2,failure,no
69,retired,married,primary,8656,yes,no,telephone,5,22,3,unknown,no
55,unemployed,married,secondary,9974,yes,no,telephone,8,12,0,unknown,no
50,self-employed,single,secondary,8687,yes,yes,cellular,7,23,4,unknown,no
41,self-employed,married,secondary,6726,yes,no,cellular,8,-1,1,success,no
32,technician,married,tertiary,8879,yes,no,cellular,1,-1,0,failure,no
47,student,married,tertiary,5390,yes,no,cellular,9,17,4,unknown,yes
59,student,single,tertiary,3811,yes,no,cellular,1,-1,0,success,yes
68,management,married,secondary,7236,yes,no,cellular,3,13,3,failure,yes
34,management,married,secondary,8348,no,no,cellular,8,-1,1,failure,no
22,blue-collar,married,secondary,2482,no,no,cellular,1,14,2,unknown,no
46,housemaid,married,tertiary,8805,no,no,unknown,1,-1,5,failure,no
21,housemaid,married,secondary,5583,yes,no,cellular,6,-1,0,unknown,yes
27,housemaid,married,tertiary,56,no,no,cellular,5,-1,5,unknown,no
34,blue-collar,single,tertiary,2519,no,no,cellular,6,3,1,unknown,yes
27,admin.,married,primary,9996,no,no,cellular,3,-1,3,other,no
34,student,divorced,secondary,2080,yes,no,cellular,10,-1,0,unknown,no
37,technician,divorced,secondary,7646,no,no,cellular,10,22,3,failure,no
41,retired,married,secondary,7743,no,no,cellular,6,-1,2,success,no
22,student,married,tertiary,9053,no,yes,cellular,2,-1,2,failure,yes
51,management,married,tertiary,8886,yes,no,cellular,8,-1,4,other,no
23,self-employed,single,secondary,3519,yes,no,cellular,6,24,4,unknown,no
70,services,married,secondary,2638,yes,yes,telephone,4,-1,4,unknown,no
19,unemployed,married,tertiary,9340,yes,no,cellular,4,-1,3,unknown,no
30,blue-collar,married,primary,171,no,no,cellular,7,14,4,success,no
60,entrepreneur,single,secondary,277,yes,no,cellular,3,-1,1,unknown,no
60,services,single,tertiary,4427,yes,no,telephone,3,-1,5,success,yes
65,retired,married,secondary,9971,yes,no,cellular,6,-1,5,unknown,no
28,housemaid,single,secondary,2522,yes,no,telephone,9,10,3,failure,no
68,management,married,primary,1360,yes,no,telephone,1,-1,3,unknown,no
64,management,married,tertiary,2639,no,no,cellular,5,18,4,unknown,no
40,management,single,tertiary,574,no,no,cellular,1,21,5,success,yes
33,housemaid,married,secondary,9408,yes,yes,cellular,1,-1,5,unknown,no
48,entrepreneur,married,tertiary,8975,yes,no,cellular,3,7,4,unknown,no
28,blue-collar,married,secondary,6263,yes,no,cellular,3,-1,3,unknown,no
33,services,single,secondary,1486,yes,no,cellular,4,-1,2,unknown,no
25,housemaid,single,tertiary,8693,no,no,cellular,3,-1,2,unknown,no
21,retired,single,secondary,5827,no,no,cellular,6,23,4,unknown,no
57,blue-collar,single,tertiary,546,no,no,telephone,4,-1,2,unknown,no
21,retired,married,tertiary,1676,no,yes,cellular,8,-1,1,unknown,no
42,blue-collar,married,secondary,1838,yes,no,unknown,1,-1,1,unknown,no
20,entrepreneur,married,secondary,9547,no,no,unknown,8,-1,1,unknown,no
49,unemployed,married,secondary,0,no,no,unknown,1,-1,3,other,no
20,retired,married,secondary,1733,no,no,telephone,1,-1,3,failure,no
44,housemaid,divorced,tertiary,4108,yes,no,cellular,7,-1,3,unknown,no
46,blue-collar,married,tertiary,6734,no,no,cellular,1,-1,3,unknown,no
49,management,married,secondary,7472,no,no,cellular,9,-1,3,failure,no
67,student,married,secondary,6110,no,yes,cellular,8,-1,4,other,no
68,management,married,tertiary,100,yes,no,telephone,1,20,2,success,yes
36,admin.,divorced,tertiary,3784,no,no,unknown,2,27,4,unknown,yes
38,unemployed,married,secondary,8680,no,no,cellular,2,-1,2,unknown,no
22,unemployed,married,secondary,9573,no,no,cellular,2,-1,4,unknown,no
35,management,single,tertiary,3983,no,no,cellular,6,28,1,other,no
45,services,married,secondary,5401,no,no,cellular,4,5,0,unknown,no
59,entrepreneur,married,secondary,5629,yes,no,cellular,8,-1,3,failure,no
39,retired,married,tertiary,1254,no,no,cellular,1,-1,0,unknown,yes
38,housemaid,married,tertiary,1964,yes,no,telephone,10,-1,0,other,no
23,unemployed,divorced,tertiary,9915,no,no,cellular,4,-1,1,unknown,yes
18,management,single,tertiary,3982,yes,no,unknown,10,-1,0,unknown,no
22,management,married,tertiary,9186,yes,no,cellular,5,22,0,unknown,no
58,entrepreneur,single,secondary,8544,no,no,telephone,9,-1,1,unknown,no
29,entrepreneur,married,secondary,6900,no,yes,cellular,5,5,2,unknown,no
43,technician,married,secondary,6306,no,no,unknown,3,16,4,unknown,yes
63,technician,married,secondary,8143,no,yes,telephone,4,13,5,failure,no
51,services,married,tertiary,6896,no,no,cellular,10,20,0,other,yes
66,services,married,tertiary,6838,yes,no,cellular,7,28,3,unknown,no
31,admin.,single,primary,9450,yes,yes,unknown,1,-1,1,unknown,no
43,services,divorced,tertiary,4741,yes,no,cellular,6,26,0,unknown,no
62,blue-collar,married,secondary,6894,yes,no,cellular,8,7,5,unknown,no
44,entrepreneur,married,secondary,5937,yes,no,cellular,1,-1,2,unknown,yes
26,housemaid,married,tertiary,4195,no,no,telephone,8,3,2,unknown,yes
43,blue-collar,married,tertiary,2088,no,no,telephone,7,4,5,unknown,no
64,retired,married,tertiary,1282,yes,no,cellular,1,22,3,unknown,no
39,management,married,tertiary,5447,yes,yes,cellular,9,-1,0,unknown,no
64,services,single,tertiary,6094,no,no,unknown,3,-1,3,unknown,yes
47,management,married,tertiary,3020,yes,no,telephone,2,-1,2,unknown,no
60,unemployed,married,secondary,9471,yes,no,unknown,7,-1,2,success,no
65,admin.,married,tertiary,2718,no,no,cellular,3,-1,4,unknown,no
34,unemployed,married,tertiary,3257,no,no,cellular,1,-1,2,failure,yes
43,admin.,married,secondary,3516,yes,no,cellular,10,15,1,failure,no
53,technician,single,tertiary,2337,no,no,telephone,3,-1,4,unknown,no
18,management,married,secondary,5500,yes,no,cellular,6,-1,3,unknown,no
25,admin.,single,primary,6534,no,no,cellular,3,-1,2,failure,no
66,self-employed,married,secondary,6809,yes,no,cellular,5,-1,5,other,no
52,self-employed,married,tertiary,3739,yes,no,cellular,9,-1,1,unknown,no
69,self-employed,married,secondary,3928,no,yes,telephone,7,-1,4,unknown,no
32,student,single,tertiary,9111,yes,no,cellular,2,-1,1,success,yes
64,blue-collar,married,secondary,3650,no,no,telephone,1,-1,4,unknown,no
39,admin.,single,secondary,9022,yes,no,unknown,7,-1,4,other,yes
31,admin.,married,secondary,946,yes,no,cellular,4,-1,4,unknown,no
43,blue-collar,single,primary,9132,yes,no,telephone,7,-1,5,unknown,yes
45,management,married,secondary,5968,yes,no,unknown,6,-1,3,unknown,no
40,management,single,secondary,5290,no,no,unknown,7,-1,4,unknown,no
31,self-employed,married,tertiary,3675,yes,no,cellular,4,17,4,failure,no
41,blue-collar,divorced,secondary,4580,no,no,cellular,3,7,1,unknown,yes
19,self-employed,married,primary,364,no,no,cellular,5,-1,4,other,no
62,unemployed,married,secondary,6360,no,no,telephone,3,-1,3,unknown,no
43,student,married,tertiary,8163,yes,no,telephone,3,2,5,unknown,no
31,housemaid,single,secondary,5717,no,no,telephone,4,-1,5,other,no
68,retired,married,secondary,5172,yes,no,cellular,8,18,1,unknown,no
24,student,single,tertiary,1002,yes,no,cellular,2,22,4,failure,no
20,management,married,tertiary,4184,yes,no,cellular,4,18,1,unknown,no
64,housemaid,married,tertiary,910,yes,no,cellular,3,15,5,unknown,no
40,technician,married,secondary,3270,yes,no,telephone,7,9,3,other,yes
63,services,divorced,secondary,9597,no,no,cellular,2,-1,1,unknown,yes
60,self-employed,single,secondary,4159,yes,no,cellular,1,3,3,success,yes
64,admin.,divorced,primary,3501,yes,no,cellular,10,14,2,unknown,no
62,blue-collar,married,secondary,2983,no,no,cellular,1,2,4,unknown,no
35,blue-collar,single,secondary,4062,yes,no,cellular,6,-1,3,success,yes
55,admin.,single,secondary,98,yes,yes,cellular,3,-1,4,failure,no
52,self-employed,married,tertiary,8683,yes,no,cellular,7,22,3,unknown,no
68,services,single,secondary,9624,no,no,cellular,8,-1,0,unknown,no
32,retired,divorced,primary,2541,yes,no,cellular,5,5,0,other,no
42,services,single,secondary,7660,yes,no,telephone,5,27,0,other,no
54,housemaid,single,primary,5891,yes,no,cellular,2,5,3,unknown,no
45,services,married,secondary,6787,no,no,telephone,8,30,5,other,no
27,housemaid,married,tertiary,-434,no,no,telephone,10,4,5,unknown,no
56,services,divorced,primary,7623,no,no,cellular,1,-1,4,other,yes
34,retired,married,secondary,2250,yes,no,unknown,10,16,0,unknown,no
56,retired,single,primary,8161,yes,no,cellular,9,-1,4,failure,yes
39,management,single,secondary,9416,yes,no,telephone,1,-1,3,unknown,no
43,admin.,single,primary,6306,yes,no,unknown,1,-1,4,unknown,no
61,retired,divorced,tertiary,5929,yes,no,unknown,1,-1,4,unknown,yes
42,housemaid,married,secondary,7623,yes,yes,cellular,7,-1,0,success,yes
34,retired,married,secondary,1131,yes,yes,cellular,4,-1,5,unknown,no
30,management,married,secondary,5952,no,no,cellular,7,-1,1,failure,no
37,blue-collar,married,secondary,274,yes,yes,cellular,5,14,2,other,no
42,housemaid,married,secondary,5607,no,yes,telephone,7,-1,3,unknown,no
21,management,married,secondary,7304,yes,no,cellular,10,-1,3,unknown,no
27,unemployed,single,secondary,9178,yes,no,cellular,7,2,3,failure,no
20,unemployed,divorced,tertiary,3519,yes,no,telephone,4,2,2,unknown,no
58,technician,married,secondary,429,yes,no,cellular,2,22,1,unknown,no
62,services,married,secondary,2512,yes,no,unknown,8,-1,5,unknown,no
35,admin.,divorced,tertiary,4524,yes,no,telephone,2,18,4,unknown,yes
64,entrepreneur,married,secondary,5764,no,no,cellular,9,-1,5,unknown,no
53,student,married,secondary,7473,no,no,cellular,5,-1,3,unknown,no
64,management,married,secondary,9197,yes,yes,cellular,9,-1,4,unknown,yes
39,blue-collar,married,primary,4229,no,no,cellular,9,-1,0,unknown,no
51,student,married,tertiary,7461,no,no,unknown,8,-1,5,failure,no
64,blue-collar,divorced,secondary,2319,no,no,unknown,8,-1,0,unknown,no
25,student,married,tertiary,6155,no,no,cellular,4,-1,0,unknown,no
57,management,married,tertiary,684,yes,no,cellular,4,14,5,unknown,no
66,entrepreneur,married,tertiary,7980,yes,no,cellular,2,9,3,success,yes
61,student,married,tertiary,5843,yes,no,cellular,4,-1,2,other,no
36,management,single,tertiary,9503,yes,no,cellular,4,-1,3,other,yes
59,retired,single,secondary,27,yes,no,cellular,6,-1,0,other,no
58,entrepreneur,single,secondary,416,no,no,cellular,3,28,0,unknown,no
54,housemaid,married,secondary,9400,no,yes,cellular,2,-1,3,failure,no
23,blue-collar,divorced,primary,3074,no,yes,cellular,8,-1,2,failure,no
69,unemployed,single,tertiary,2819,no,no,unknown,2,-1,2,unknown,yes
43,services,single,tertiary,906,no,yes,telephone,8,-1,4,unknown,no
51,unemployed,married,primary,741,no,no,cellular,7,-1,1,failure,no
62,entrepreneur,married,secondary,4706,yes,no,cellular,3,-1,0,success,yes
23,housemaid,married,tertiary,6749,yes,no,cellular,6,16,2,unknown,no
54,blue-collar,single,tertiary,2633,yes,no,cellular,6,5,5,success,yes
50,housemaid,married,primary,298,no,no,cellular,10,2,0,unknown,no
70,student,married,primary,1023,yes,yes,telephone,5,-1,1,other,no
39,blue-collar,single,tertiary,6709,no,yes,cellular,8,-1,5,unknown,yes
38,student,single,secondary,4428,yes,yes,cellular,5,25,0,failure,no
23,management,divorced,tertiary,2388,yes,no,cellular,7,19,2,unknown,no
23,entrepreneur,married,secondary,2190,no,yes,unknown,6,-1,4,failure,no
65,self-employed,single,tertiary,3591,yes,no,unknown,7,-1,3,other,no
21,management,married,primary,6782,yes,yes,cellular,9,-1,5,failure,no
47,technician,married,secondary,8933,yes,yes,cellular,3,-1,3,unknown,yes
28,housemaid,married,tertiary,5749,yes,no,cellular,10,3,2,unknown,no
47,self-employed,married,secondary,190,no,no,cellular,7,28,2,other,no
48,student,married,secondary,8219,yes,no,cellular,10,-1,5,other,yes
41,retired,single,secondary,995,no,no,cellular,3,-1,1,unknown,no
26,management,married,tertiary,392,yes,no,cellular,2,22,5,unknown,no
20,technician,single,primary,8078,no,no,cellular,7,-1,0,unknown,no
68,admin.,married,primary,8941,yes,no,cellular,4,26,1,unknown,yes
48,self-employed,married,secondary,5373,no,no,unknown,1,2,3,other,no
57,unemployed,married,primary,4003,no,no,cellular,6,26,0,failure,no
54,blue-collar,married,tertiary,397,yes,no,telephone,6,-1,1,failure,no
53,technician,married,secondary,210,no,no,cellular,6,-1,3,unknown,no
41,entrepreneur,married,secondary,3195,no,no,cellular,2,-1,0,other,no
48,self-employed,married,secondary,2186,yes,yes,cellular,1,-1,4,failure,no
23,management,married,primary,6688,yes,no,telephone,3,-1,5,failure,no
19,entrepreneur,married,tertiary,5278,no,no,cellular,2,27,5,unknown,no
37,unemployed,divorced,tertiary,7268,no,no,cellular,6,15,5,failure,no
45,retired,married,secondary,4513,yes,yes,cellular,6,1,4,success,no
28,housemaid,single,tertiary,4012,yes,no,cellular,5,-1,1,unknown,no
21,housemaid,single,secondary,-85,no,yes,unknown,10,8,2,other,no
32,entrepreneur,divorced,secondary,9163,no,no,cellular,10,7,0,failure,no
23,student,single,tertiary,3680,no,yes,cellular,5,-1,1,unknown,no
66,retired,married,secondary,3762,yes,no,cellular,9,24,2,unknown,no
47,housemaid,single,tertiary,2015,no,no,unknown,5,-1,5,unknown,yes
55,retired,single,secondary,8787,yes,no,cellular,10,-1,5,failure,no
68,technician,married,tertiary,8501,yes,no,telephone,6,-1,5,unknown,yes
19,retired,married,secondary,5140,no,no,unknown,4,13,2,unknown,no
32,services,married,tertiary,6116,no,no,cellular,10,-1,0,other,no
28,unemployed,single,secondary,492,yes,no,cellular,1,-1,0,unknown,no
25,housemaid,single,secondary,8973,yes,no,cellular,4,-1,2,unknown,no
43,retired,married,primary,3870,no,no,telephone,2,-1,3,unknown,no
68,entrepreneur,married,secondary,1273,yes,no,cellular,10,-1,5,unknown,yes
62,admin.,married,tertiary,3061,no,no,cellular,3,-1,1,unknown,no
61,services,married,primary,3316,no,no,telephone,7,-1,0,unknown,no
22,services,divorced,secondary,6133,yes,no,cellular,7,-1,2,unknown,no
23,student,married,secondary,1256,no,no,cellular,1,20,3,other,no
43,retired,married,tertiary,1873,no,no,cellular,8,-1,4,unknown,no
21,student,married,primary,2076,no,yes,cellular,7,7,2,success,no
36,student,single,primary,8583,no,no,cellular,1,-1,3,failure,no
37,admin.,married,secondary,3684,no,no,cellular,8,-1,4,unknown,no
50,technician,single,tertiary,8399,yes,no,unknown,2,-1,3,unknown,no
37,retired,married,secondary,1897,yes,yes,cellular,8,-1,0,failure,no
66,management,married,primary,9826,no,no,unknown,3,-1,2,other,yes
29,housemaid,married,primary,5469,yes,no,cellular,10,19,4,failure,no
64,student,married,secondary,4035,yes,no,cellular,7,25,3,unknown,no
18,unemployed,married,secondary,6383,no,yes,telephone,6,-1,4,failure,no
43,blue-collar,divorced,secondary,7627,no,yes,cellular,5,-1,1,unknown,no
31,unemployed,single,secondary,8668,yes,no,unknown,10,27,2,unknown,no
55,admin.,divorced,tertiary,234,no,no,unknown,2,-1,0,unknown,no
54,admin.,married,secondary,132,no,no,cellular,2,-1,4,failure,no
28,entrepreneur,divorced,secondary,3768,yes,no,cellular,1,28,5,other,no
53,technician,married,secondary,3599,no,no,cellular,9,29,3,unknown,no
30,housemaid,married,primary,2401,yes,no,cellular,8,-1,5,unknown,no
60,self-employed,married,tertiary,1163,yes,no,cellular,8,-1,4,unknown,no
20,student,married,secondary,9707,yes,no,cellular,1,-1,5,unknown,no
50,unemployed,single,secondary,5091,yes,no,cellular,5,21,3,failure,no
23,blue-collar,married,primary,3372,yes,no,cellular,6,23,4,success,no
67,admin.,married,tertiary,554,no,no,telephone,2,-1,0,unknown,no
27,admin.,single,secondary,8072,no,no,telephone,10,10,0,unknown,no
22,technician,married,secondary,2582,no,no,cellular,5,8,2,unknown,yes
40,blue-collar,married,secondary,7507,no,no,unknown,6,2,0,unknown,no
27,blue-collar,married,secondary,9284,yes,no,cellular,9,16,4,other,no
61,technician,single,tertiary,3761,yes,no,cellular,10,4,4,failure,no
19,admin.,single,primary,1889,no,no,cellular,1,-1,0,unknown,no
30,housemaid,married,secondary,3053,yes,no,cellular,10,-1,1,unknown,no
57,retired,married,tertiary,4638,yes,no,cellular,3,9,4,other,no
19,retired,married,secondary,8899,no,no,unknown,9,-1,2,other,no
37,technician,single,tertiary,44,yes,no,unknown,1,-1,1,failure,no
18,blue-collar,married,tertiary,3163,no,no,cellular,1,14,0,success,no
54,student,married,secondary,1739,yes,no,telephone,1,5,3,unknown,no
26,technician,married,secondary,3273,yes,no,cellular,7,25,4,unknown,no
34,housemaid,married,tertiary,2127,yes,no,cellular,5,-1,3,unknown,no
26,technician,married,secondary,6118,no,no,telephone,6,-1,5,unknown,no
28,services,single,secondary,6280,yes,no,cellular,8,-1,2,unknown,no
32,unemployed,married,tertiary,7515,yes,no,cellular,2,22,1,unknown,yes
41,blue-collar,married,primary,2630,no,no,cellular,2,-1,3,unknown,no
55,entrepreneur,single,secondary,-404,no,yes,cellular,3,1,2,other,no
52,entrepreneur,single,tertiary,3358,yes,no,cellular,3,13,3,unknown,no
47,blue-collar,married,secondary,2208,yes,no,cellular,3,-1,3,unknown,no
48,self-employed,married,tertiary,4897,yes,no,cellular,4,27,2,other,no
66,housemaid,married,tertiary,5652,no,yes,cellular,3,18,4,unknown,yes
22,services,divorced,primary,-44,no,no,cellular,2,-1,3,other,no
61,services,married,secondary,5414,yes,no,cellular,9,-1,2,failure,no
67,admin.,divorced,tertiary,3868,no,no,unknown,6,-1,3,other,yes
31,unemployed,single,tertiary,3588,yes,no,cellular,3,-1,4,unknown,no
70,retired,married,secondary,8723,yes,no,cellular,9,21,2,unknown,no
28,management,married,secondary,7899,yes,no,cellular,4,28,3,failure,no
26,housemaid,married,secondary,1437,yes,no,cellular,4,-1,0,other,no
51,management,married,secondary,646,yes,no,cellular,8,-1,4,unknown,no
29,management,married,primary,4652,yes,no,cellular,7,-1,3,other,yes
52,blue-collar,single,secondary,3799,no,yes,unknown,7,-1,1,unknown,no
52,entrepreneur,divorced,secondary,7618,yes,no,telephone,10,-1,2,unknown,no
18,entrepreneur,married,tertiary,8134,no,no,cellular,7,-1,3,unknown,no
57,retired,single,secondary,7259,yes,no,cellular,10,-1,4,failure,yes
39,blue-collar,married,secondary,7453,yes,no,cellular,5,1,4,unknown,yes
46,management,married,secondary,4284,yes,no,cellular,7,5,1,other,no
25,self-employed,married,primary,8524,yes,no,cellular,4,-1,1,failure,no
28,student,single,tertiary,961,yes,no,unknown,8,14,5,other,no
58,entrepreneur,divorced,tertiary,659,yes,no,cellular,9,3,5,other,yes
54,housemaid,single,secondary,-114,yes,no,telephone,3,21,3,unknown,no
31,housemaid,married,tertiary,9733,yes,yes,cellular,7,-1,0,unknown,no
47,admin.,married,secondary,6692,no,no,cellular,10,21,4,unknown,no
52,technician,married,secondary,9410,no,yes,cellular,9,19,0,unknown,no
38,student,married,secondary,4275,yes,yes,cellular,1,-1,0,success,yes
54,entrepreneur,single,tertiary,2909,yes,no,unknown,2,-1,3,other,no
22,services,single,secondary,189,yes,no,cellular,7,25,2,unknown,no
36,entrepreneur,single,secondary,6528,no,no,cellular,2,6,2,other,no
31,admin.,married,secondary,6762,yes,no,unknown,7,24,2,unknown,yes
43,housemaid,married,secondary,5164,yes,no,unknown,1,13,1,failure,no
21,management,married,tertiary,6266,yes,no,telephone,3,-1,4,unknown,no
42,services,married,secondary,8861,no,no,unknown,5,-1,1,unknown,no
62,blue-collar,married,tertiary,452,yes,no,cellular,6,-1,4,failure,no
59,unemployed,single,secondary,5642,no,no,telephone,9,28,5,unknown,no
42,management,single,tertiary,5467,yes,no,telephone,9,-1,4,success,no
35,unemployed,married,tertiary,6705,no,no,unknown,3,-1,4,unknown,yes
57,student,married,secondary,1984,no,no,telephone,8,5,3,failure,no
25,self-employed,married,secondary,1354,yes,yes,cellular,4,8,2,failure,no
56,technician,married,tertiary,2731,no,no,telephone,7,-1,1,success,yes
57,self-employed,single,tertiary,2097,yes,yes,cellular,6,-1,5,unknown,no
31,services,married,secondary,7329,no,no,cellular,8,-1,1,unknown,no
49,retired,married,secondary,7686,no,no,cellular,6,-1,3,success,yes
68,services,married,tertiary,3483,yes,no,unknown,4,12,4,unknown,no
55,self-employed,single,tertiary,6463,no,no,cellular,2,-1,5,failure,yes
50,entrepreneur,married,secondary,6184,yes,no,cellular,7,18,2,failure,no
40,housemaid,married,secondary,9883,yes,no,cellular,4,14,0,unknown,yes
32,entrepreneur,married,secondary,156,yes,no,unknown,9,1,0,failure,no
50,entrepreneur,single,tertiary,7243,no,no,cellular,9,-1,3,unknown,no
42,student,divorced,secondary,6339,yes,no,telephone,7,-1,2,other,no
34,management,married,primary,9488,yes,no,unknown,5,-1,0,failure,no
50,retired,single,secondary,5812,no,no,cellular,3,-1,0,unknown,no
64,retired,divorced,secondary,7438,yes,no,cellular,3,17,5,unknown,no
19,entrepreneur,divorced,tertiary,9454,yes,no,telephone,9,-1,5,unknown,no
31,unemployed,single,primary,5676,yes,no,unknown,9,16,1,failure,no
70,student,single,tertiary,2785,yes,no,telephone,4,-1,2,unknown,no
57,entrepreneur,married,secondary,9277,yes,no,cellular,1,-1,0,unknown,yes
57,technician,single,tertiary,5059,yes,no,unknown,10,29,5,failure,no
68,housemaid,married,tertiary,3063,no,no,cellular,5,-1,5,other,no
56,management,single,secondary,4084,no,no,cellular,8,-1,5,failure,no
68,blue-collar,married,secondary,4317,yes,yes,telephone,10,-1,1,other,no
23,technician,single,secondary,4541,yes,no,cellular,4,-1,2,unknown,no
23,unemployed,single,secondary,5682,yes,no,telephone,10,6,4,failure,no
20,services,married,primary,7526,no,no,cellular,10,-1,5,success,no
24,services,single,secondary,2744,yes,yes,unknown,4,-1,2,other,no
68,self-employed,married,primary,540,yes,no,cellular,9,-1,3,unknown,no
25,technician,single,tertiary,1773,no,no,cellular,9,23,1,unknown,no
59,self-employed,married,tertiary,3129,yes,yes,telephone,7,-1,4,unknown,no
69,entrepreneur,married,tertiary,1614,yes,no,cellular,10,-1,5,success,no
32,blue-collar,divorced,secondary,6864,no,no,cellular,8,-1,5,unknown,no
64,admin.,married,secondary,1177,no,no,unknown,4,-1,1,failure,yes
46,admin.,single,secondary,2594,yes,no,cellular,8,-1,1,unknown,no
50,unemployed,married,tertiary,8690,no,no,unknown,6,-1,0,other,yes
69,entrepreneur,married,secondary,5373,yes,yes,cellular,3,-1,5,failure,no
47,retired,married,tertiary,1784,no,no,cellular,7,-1,2,success,no
56,self-employed,married,secondary,4552,yes,no,telephone,3,-1,1,failure,no
44,retired,married,secondary,6562,no,no,telephone,7,25,1,failure,no
53,management,married,secondary,1089,no,yes,cellular,5,6,3,unknown,no
46,blue-collar,married,primary,8853,no,yes,cellular,4,-1,3,unknown,no
55,blue-collar,married,tertiary,2020,no,no,telephone,3,-1,3,other,no
50,services,divorced,secondary,4148,yes,no,cellular,8,3,1,unknown,no
54,student,divorced,secondary,5229,yes,no,cellular,4,21,4,unknown,no
44,self-employed,married,secondary,194,yes,yes,cellular,8,-1,2,other,no
50,unemployed,single,primary,7307,no,no,cellular,10,14,1,success,no
21,admin.,married,tertiary,3183,no,no,cellular,3,-1,0,failure,no
39,unemployed,single,secondary,6204,yes,no,cellular,10,-1,5,unknown,no
19,retired,single,tertiary,6868,no,no,cellular,9,27,4,unknown,no
27,retired,divorced,secondary,1471,no,no,cellular,6,9,4,success,yes
22,technician,married,primary,9195,no,no,cellular,5,18,2,failure,yes
27,management,single,secondary,7555,no,no,telephone,5,-1,4,unknown,no
50,blue-collar,married,tertiary,3718,yes,no,cellular,3,-1,2,unknown,yes
55,housemaid,divorced,secondary,1368,yes,no,unknown,2,-1,4,unknown,no
30,self-employed,married,tertiary,1171,yes,no,telephone,6,-1,5,failure,no
48,unemployed,single,tertiary,8774,yes,no,cellular,1,-1,2,unknown,no
64,self-employed,single,tertiary,1228,no,no,cellular,7,-1,3,unknown,no
53,retired,single,tertiary,7132,no,no,cellular,5,-1,3,failure,yes
62,student,married,primary,5903,no,no,telephone,4,-1,4,unknown,no
41,services,divorced,secondary,5592,no,no,unknown,9,8,4,failure,no
69,admin.,married,secondary,1642,yes,no,cellular,10,23,2,other,no
32,management,single,secondary,8840,yes,no,telephone,1,-1,2,unknown,no
46,student,married,primary,5684,yes,no,cellular,4,-1,5,other,yes
25,management,married,secondary,5510,yes,no,cellular,3,-1,1,unknown,no
22,technician,married,tertiary,-247,yes,no,unknown,6,22,3,failure,no
46,housemaid,married,tertiary,3602,yes,no,cellular,5,-1,1,unknown,no
64,retired,married,secondary,3042,yes,no,cellular,7,12,1,other,no
21,services,married,secondary,2275,yes,no,cellular,1,13,0,unknown,no
29,student,married,secondary,7178,no,no,telephone,5,-1,2,failure,no
62,management,single,secondary,5712,yes,no,cellular,2,-1,0,other,no
19,blue-collar,single,secondary,4137,yes,yes,unknown,2,27,0,unknown,no
44,technician,married,secondary,5534,yes,no,cellular,2,-1,1,other,yes
48,blue-collar,married,primary,7957,no,no,cellular,9,3,0,other,no
68,services,married,primary,5976,yes,no,telephone,10,27,5,other,no
68,student,married,secondary,2648,yes,no,cellular,3,-1,2,unknown,no
53,self-employed,single,secondary,2859,no,no,telephone,4,19,1,failure,no
53,technician,single,secondary,504,no,no,cellular,5,25,2,unknown,no
43,student,married,tertiary,9786,no,no,cellular,4,9,5,unknown,no
60,retired,married,tertiary,4217,yes,no,cellular,4,-1,4,other,no
44,entrepreneur,married,secondary,2771,yes,no,unknown,5,-1,0,unknown,no
22,technician,single,secondary,-291,yes,no,cellular,10,-1,1,unknown,no
37,blue-collar,divorced,tertiary,8579,no,no,telephone,9,16,3,unknown,no
28,services,married,tertiary,5039,yes,no,cellular,9,18,2,unknown,no
27,housemaid,married,secondary,-347,yes,no,cellular,6,-1,5,success,no
57,retired,single,tertiary,3093,yes,yes,cellular,3,-1,0,unknown,no
55,entrepreneur,divorced,secondary,8106,yes,no,unknown,6,-1,2,other,no
23,housemaid,married,secondary,784,yes,no,telephone,10,9,5,other,no
25,admin.,married,tertiary,2648,no,no,telephone,4,7,2,unknown,no
40,retired,married,tertiary,268,no,no,cellular,3,23,4,unknown,no
64,services,married,secondary,8674,yes,no,cellular,6,7,5,other,yes
43,management,married,primary,5107,yes,no,cellular,6,16,2,other,no
63,technician,married,secondary,2702,no,yes,unknown,2,9,4,unknown,no
60,student,married,tertiary,2287,yes,no,cellular,9,-1,4,unknown,no
29,services,married,secondary,1710,yes,no,cellular,8,-1,4,other,no
43,technician,single,primary,8730,yes,no,cellular,6,22,0,failure,no
30,housemaid,married,primary,6899,no,yes,cellular,1,1,5,unknown,no
57,self-employed,married,secondary,5838,no,no,cellular,2,-1,2,unknown,no
35,student,married,primary,8233,no,yes,unknown,4,-1,2,failure,no
42,unemployed,married,tertiary,-142,yes,no,cellular,7,-1,5,failure,no
50,blue-collar,divorced,tertiary,349,yes,no,unknown,9,-1,4,failure,no
64,admin.,married,secondary,6998,no,yes,telephone,10,-1,2,unknown,no
57,retired,married,tertiary,4022,yes,no,cellular,5,-1,2,unknown,yes
60,self-employed,single,tertiary,2044,no,no,cellular,10,-1,4,success,no
29,self-employed,married,secondary,1331,no,no,cellular,2,-1,3,unknown,no
61,services,divorced,primary,972,yes,no,unknown,1,13,3,success,no
53,admin.,married,secondary,9128,no,yes,cellular,10,-1,4,failure,no
65,management,married,secondary,-171,yes,no,cellular,1,-1,0,unknown,no
21,technician,married,tertiary,5351,no,yes,cellular,5,-1,2,unknown,no
22,technician,married,tertiary,6532,yes,no,cellular,7,-1,2,unknown,no
54,services,single,tertiary,4766,yes,no,cellular,9,-1,3,unknown,yes
25,entrepreneur,single,secondary,3854,no,no,cellular,9,14,4,other,yes
59,entrepreneur,married,primary,5935,no,no,telephone,8,11,5,unknown,yes
66,unemployed,married,secondary,7478,yes,no,telephone,1,-1,5,unknown,no
45,blue-collar,single,secondary,3738,no,no,cellular,5,-1,0,failure,yes
48,student,divorced,secondary,5612,yes,no,cellular,6,-1,4,unknown,no
26,management,married,tertiary,4222,yes,yes,unknown,6,29,3,unknown,no
68,admin.,married,primary,888,yes,no,cellular,4,26,3,unknown,yes
46,entrepreneur,married,tertiary,3685,yes,no,unknown,1,-1,2,unknown,yes
31,unemployed,single,tertiary,8411,yes,no,cellular,3,5,1,unknown,no
57,unemployed,married,secondary,2735,yes,no,telephone,10,13,0,success,no
58,services,married,tertiary,4076,yes,no,cellular,4,7,0,unknown,no
39,management,single,secondary,9823,yes,no,cellular,4,5,1,unknown,yes
28,housemaid,married,secondary,600,yes,no,unknown,4,27,5,success,no
40,student,married,secondary,8364,no,no,cellular,5,-1,5,unknown,no
18,blue-collar,married,tertiary,8208,yes,no,cellular,9,-1,5,unknown,no
63,retired,married,secondary,2032,no,no,cellular,4,18,3,failure,no
54,services,married,tertiary,7270,no,no,telephone,9,2,4,unknown,no
38,student,married,secondary,3170,no,no,cellular,9,8,0,unknown,no
43,retired,married,secondary,281,no,no,telephone,1,-1,1,unknown,no
63,retired,married,tertiary,3023,no,no,cellular,5,-1,2,unknown,no
53,management,single,secondary,5631,yes,no,cellular,9,-1,2,failure,no
40,management,single,primary,4282,yes,no,telephone,4,-1,3,unknown,no
18,admin.,married,tertiary,9281,no,yes,cellular,5,-1,0,other,yes
68,unemployed,married,secondary,4495,no,no,cellular,4,30,4,unknown,no
57,student,married,primary,1001,no,no,cellular,2,-1,0,unknown,yes
32,services,married,secondary,2580,yes,no,cellular,10,12,5,failure,no
38,technician,married,secondary,8768,no,no,cellular,2,-1,2,other,no
64,services,single,tertiary,8792,yes,no,cellular,2,16,0,failure,no
26,admin.,married,secondary,2,yes,no,cellular,1,-1,2,failure,no
70,blue-collar,married,tertiary,9031,yes,no,cellular,3,5,1,failure,no
26,self-employed,married,tertiary,3385,no,yes,cellular,10,-1,1,unknown,no
27,self-employed,single,primary,7509,no,no,cellular,1,-1,2,unknown,no
69,unemployed,married,secondary,123,yes,yes,unknown,4,-1,4,unknown,no
70,self-employed,single,secondary,9578,no,no,unknown,1,-1,4,unknown,no
43,self-employed,married,tertiary,550,yes,no,cellular,4,23,0,unknown,no
58,technician,single,secondary,6885,yes,no,cellular,3,22,2,success,yes
52,entrepreneur,single,tertiary,5581,yes,yes,unknown,9,28,3,unknown,no
69,blue-collar,married,tertiary,4984,yes,no,cellular,1,2,4,unknown,no
42,management,married,secondary,3272,yes,no,cellular,8,28,4,failure,no
43,retired,married,secondary,3416,yes,no,telephone,9,16,5,unknown,no
28,entrepreneur,married,tertiary,3518,no,no,cellular,7,-1,1,unknown,no
55,services,single,tertiary,829,no,no,cellular,1,-1,4,unknown,yes
19,services,single,secondary,3614,yes,no,unknown,4,-1,4,unknown,no
24,self-employed,single,secondary,2867,yes,no,telephone,10,-1,5,unknown,no
35,management,single,secondary,7595,yes,yes,cellular,1,-1,4,failure,no
44,admin.,married,primary,4641,yes,no,cellular,4,-1,5,success,no
51,student,married,secondary,3451,yes,no,cellular,3,6,2,unknown,no
44,entrepreneur,single,tertiary,4584,yes,no,telephone,2,-1,2,success,yes
34,entrepreneur,married,secondary,1073,no,no,cellular,1,-1,1,other,no
60,housemaid,single,tertiary,2134,no,no,cellular,6,10,0,unknown,yes
61,blue-collar,married,secondary,2268,yes,no,unknown,7,16,5,unknown,no
68,unemployed,married,tertiary,4802,yes,yes,cellular,6,28,4,failure,no
41,blue-collar,divorced,secondary,5750,yes,no,cellular,9,-1,0,success,no
42,student,married,tertiary,711,no,no,cellular,9,-1,2,unknown,no
24,services,divorced,secondary,8467,yes,no,cellular,2,-1,4,unknown,no
69,services,divorced,tertiary,5455,yes,no,cellular,2,-1,0,other,yes
23,services,single,primary,660,no,no,unknown,9,-1,5,unknown,no
70,housemaid,single,secondary,5477,yes,no,unknown,1,-1,5,unknown,no
41,services,married,tertiary,6541,yes,no,cellular,5,30,0,unknown,no
50,student,single,tertiary,1883,yes,no,cellular,1,-1,5,failure,no
66,management,married,secondary,5376,yes,no,cellular,7,-1,3,unknown,no
46,unemployed,married,secondary,3040,yes,yes,cellular,9,-1,2,unknown,no
60,student,single,secondary,4135,yes,no,cellular,6,6,1,unknown,no
39,self-employed,married,tertiary,595,yes,no,unknown,2,-1,1,failure,no
43,unemployed,married,tertiary,5401,yes,no,cellular,6,-1,3,unknown,no
45,student,married,secondary,7715,no,no,cellular,9,-1,0,unknown,no
67,services,married,secondary,579,yes,no,cellular,3,-1,5,unknown,yes
38,management,single,tertiary,7870,yes,no,cellular,9,-1,3,failure,no
66,entrepreneur,married,primary,2347,no,no,cellular,8,-1,3,unknown,yes
24,blue-collar,divorced,secondary,1460,no,no,cellular,7,-1,5,unknown,no
34,retired,single,primary,973,no,no,cellular,8,13,2,unknown,no
37,management,single,tertiary,4388,yes,no,telephone,10,-1,5,failure,no
58,entrepreneur,married,secondary,4479,yes,yes,cellular,6,7,5,failure,no
66,admin.,single,tertiary,712,no,no,cellular,3,-1,4,failure,no
37,student,married,secondary,5197,no,no,cellular,7,-1,0,other,no
39,admin.,single,secondary,8501,yes,no,unknown,4,-1,1,unknown,no
45,entrepreneur,married,secondary,-81,no,no,cellular,10,-1,1,failure,no
57,management,single,tertiary,3159,yes,no,cellular,5,-1,3,failure,no
66,student,divorced,tertiary,4783,no,yes,cellular,8,-1,3,other,no
24,self-employed,married,secondary,8970,no,no,telephone,7,8,3,unknown,no
18,retired,married,secondary,9132,no,no,cellular,7,16,0,unknown,no
49,services,single,secondary,840,no,yes,cellular,8,9,3,unknown,no
30,student,married,tertiary,9913,no,no,cellular,10,-1,3,unknown,no
47,self-employed,single,secondary,4637,yes,yes,cellular,3,-1,4,failure,no
40,student,married,tertiary,4689,yes,no,cellular,3,-1,0,unknown,no
68,management,married,secondary,861,yes,no,cellular,2,4,2,other,no
36,self-employed,divorced,secondary,91,yes,yes,telephone,1,-1,2,success,no
49,management,single,secondary,26,no,yes,cellular,10,-1,5,unknown,no
47,entrepreneur,single,secondary,7355,yes,yes,cellular,6,19,4,unknown,no
46,technician,married,primary,792,yes,yes,cellular,6,-1,1,success,no
66,student,single,secondary,1154,no,no,cellular,10,-1,5,success,no
62,blue-collar,married,secondary,-313,no,no,cellular,8,-1,2,unknown,no
46,student,single,secondary,2258,yes,no,unknown,6,-1,0,unknown,no
47,entrepreneur,single,secondary,8220,yes,no,unknown,6,24,1,other,no
33,unemployed,married,secondary,8125,yes,no,cellular,1,-1,3,unknown,no
57,admin.,married,secondary,5931,no,no,cellular,7,28,0,unknown,no
36,services,married,tertiary,5537,yes,no,cellular,7,-1,1,failure,no
35,self-employed,single,tertiary,9496,no,no,telephone,10,-1,2,failure,no
18,technician,married,secondary,7994,yes,no,telephone,9,13,5,failure,no
31,retired,single,secondary,3682,yes,no,telephone,7,-1,3,unknown,no
68,retired,married,primary,6473,no,no,telephone,8,-1,3,other,no
64,retired,single,secondary,-63,yes,no,cellular,4,-1,0,unknown,no
67,management,single,secondary,332,yes,no,cellular,9,-1,5,unknown,no
19,retired,married,secondary,8488,yes,no,telephone,1,7,3,other,no
45,services,married,secondary,8251,yes,no,cellular,8,10,1,failure,no
66,admin.,married,tertiary,8453,yes,no,cellular,3,11,4,unknown,yes
67,retired,single,secondary,5294,yes,no,cellular,1,2,2,failure,yes
47,student,single,tertiary,3074,yes,no,cellular,2,-1,0,unknown,no
55,student,married,secondary,3285,yes,no,cellular,6,-1,5,other,no
68,management,single,secondary,4720,no,yes,cellular,5,11,4,failure,no
21,services,married,tertiary,7250,no,no,telephone,3,27,4,unknown,no
18,admin.,married,secondary,6318,yes,no,cellular,9,-1,0,failure,no
25,technician,divorced,tertiary,184,no,yes,cellular,8,-1,1,unknown,no
46,entrepreneur,married,secondary,3733,yes,no,telephone,3,-1,5,success,no
56,admin.,married,tertiary,77,yes,no,cellular,2,-1,2,unknown,no
20,entrepreneur,married,secondary,7507,yes,no,cellular,8,-1,0,unknown,no
49,unemployed,married,tertiary,-273,yes,yes,cellular,5,-1,5,unknown,no
27,entrepreneur,married,secondary,1828,yes,no,cellular,9,-1,4,unknown,no
27,blue-collar,married,primary,2231,yes,no,cellular,1,12,4,success,no
36,student,single,secondary,8519,no,no,unknown,10,15,0,unknown,no
63,services,married,tertiary,-70,no,no,cellular,3,28,5,other,no
51,housemaid,married,secondary,8755,yes,no,cellular,5,-1,4,unknown,no
50,management,married,primary,1209,no,no,cellular,2,-1,0,unknown,no
40,blue-collar,married,secondary,5282,no,no,cellular,3,-1,0,failure,no
45,entrepreneur,single,secondary,734,no,no,telephone,4,-1,2,unknown,no
49,retired,divorced,secondary,7993,yes,no,cellular,4,-1,0,other,no
67,services,married,secondary,4705,yes,no,cellular,9,12,5,unknown,no
24,blue-collar,single,secondary,920,yes,no,telephone,1,-1,5,unknown,no
46,management,married,primary,268,yes,no,cellular,9,28,4,failure,no
25,student,married,primary,5534,no,no,unknown,9,14,3,unknown,no
18,services,married,secondary,9096,yes,no,cellular,6,9,2,success,yes
20,management,married,primary,8135,yes,no,cellular,1,10,5,unknown,yes
41,unemployed,married,tertiary,2604,no,no,unknown,6,-1,4,unknown,no
40,unemployed,single,secondary,3855,no,yes,unknown,8,9,4,failure,no
25,management,married,tertiary,2805,yes,no,cellular,5,-1,2,unknown,no
64,blue-collar,divorced,tertiary,1038,no,yes,cellular,5,22,2,failure,yes
54,services,married,primary,831,yes,no,cellular,1,-1,4,unknown,no
20,blue-collar,married,secondary,7668,yes,no,cellular,1,-1,3,unknown,no
68,technician,single,tertiary,6439,yes,yes,unknown,8,-1,1,unknown,no
50,entrepreneur,married,secondary,7761,no,no,cellular,5,-1,4,unknown,yes
45,technician,married,secondary,5058,no,no,cellular,8,-1,2,other,no
64,self-employed,single,secondary,5444,yes,no,unknown,10,-1,0,failure,no
25,unemployed,divorced,primary,6626,yes,no,cellular,2,18,0,unknown,no
51,student,single,tertiary,-20,yes,no,cellular,4,-1,2,failure,no
52,admin.,single,tertiary,4763,yes,no,unknown,10,-1,2,unknown,no
49,entrepreneur,single,secondary,3594,yes,no,telephone,9,-1,1,unknown,no
41,unemployed,divorced,secondary,5667,yes,no,telephone,3,-1,5,unknown,yes
31,blue-collar,married,secondary,2293,no,no,cellular,6,-1,2,failure,no
49,blue-collar,married,secondary,2392,no,no,telephone,7,9,0,failure,no
63,blue-collar,married,secondary,698,yes,no,cellular,3,-1,3,failure,no
60,student,married,tertiary,7511,yes,yes,cellular,1,-1,2,other,yes
33,technician,single,tertiary,1872,yes,no,unknown,2,-1,1,failure,yes
21,admin.,single,secondary,1392,yes,no,cellular,10,-1,3,unknown,no
69,blue-collar,married,secondary,5290,no,no,telephone,7,-1,1,other,no
54,housemaid,married,secondary,1383,no,no,cellular,7,13,3,unknown,no
38,self-employed,single,secondary,4967,yes,no,cellular,1,-1,2,unknown,no
31,entrepreneur,married,primary,297,yes,no,telephone,10,-1,0,unknown,no
48,services,single,tertiary,7709,no,no,cellular,7,-1,3,failure,no
65,housemaid,married,tertiary,7735,yes,no,cellular,10,-1,4,unknown,no
35,admin.,married,secondary,-346,no,no,cellular,6,6,5,other,no
24,student,married,secondary,4462,yes,no,unknown,6,-1,1,failure,no
27,admin.,married,secondary,3580,no,no,cellular,7,-1,3,unknown,no
24,services,single,primary,7550,yes,no,cellular,7,14,1,unknown,no
50,entrepreneur,divorced,tertiary,5447,no,yes,cellular,1,-1,0,success,yes
40,services,single,secondary,9117,no,yes,unknown,10,20,1,failure,yes
38,management,married,secondary,3820,yes,no,telephone,5,-1,1,failure,no
36,entrepreneur,married,secondary,1392,no,yes,telephone,8,-1,4,unknown,no
65,admin.,single,tertiary,8589,no,no,cellular,8,20,1,unknown,yes
36,blue-collar,single,primary,2924,yes,yes,cellular,3,15,3,success,no
53,admin.,married,tertiary,8950,yes,no,cellular,3,-1,1,other,yes
46,admin.,married,tertiary,1515,yes,no,cellular,7,9,2,unknown,no
35,entrepreneur,single,secondary,6173,yes,no,cellular,4,-1,1,other,no
19,self-employed,married,secondary,5532,yes,no,unknown,6,-1,2,unknown,yes
18,management,married,secondary,4333,no,no,telephone,9,-1,5,failure,no
64,admin.,married,secondary,9394,yes,no,cellular,10,-1,1,other,no
22,housemaid,married,tertiary,8565,no,yes,cellular,2,16,5,unknown,no
37,unemployed,single,tertiary,65,yes,no,telephone,2,-1,1,unknown,no
28,retired,divorced,secondary,6912,yes,no,cellular,6,-1,3,failure,yes
59,retired,married,tertiary,1518,yes,no,cellular,3,13,2,failure,no
19,admin.,married,secondary,9577,yes,no,cellular,1,-1,5,other,no
20,housemaid,married,secondary,9815,yes,yes,cellular,2,-1,5,unknown,yes
40,self-employed,married,secondary,1814,yes,no,telephone,7,-1,2,unknown,no
29,blue-collar,married,secondary,3912,yes,no,cellular,4,-1,4,unknown,no
37,student,single,secondary,3383,no,no,cellular,2,11,1,success,no
22,student,married,secondary,9551,no,yes,cellular,8,-1,1,unknown,no
54,entrepreneur,married,secondary,7716,yes,no,telephone,4,-1,3,success,no
55,retired,married,primary,6239,no,no,cellular,4,7,4,other,no
47,admin.,married,secondary,8829,no,no,cellular,2,-1,4,unknown,no
26,student,married,secondary,7402,yes,no,unknown,1,-1,3,success,no
51,admin.,married,secondary,689,no,no,unknown,1,22,5,success,no
70,entrepreneur,divorced,tertiary,6656,no,no,unknown,3,-1,2,other,no
61,retired,married,secondary,6842,yes,no,telephone,6,-1,5,unknown,no
52,services,married,tertiary,6384,yes,yes,cellular,7,-1,0,unknown,no
69,self-employed,single,secondary,2657,yes,yes,cellular,9,-1,3,other,no
39,unemployed,divorced,tertiary,5020,yes,no,cellular,5,-1,2,unknown,no
61,unemployed,married,tertiary,1241,no,no,cellular,9,-1,5,unknown,no
41,student,single,secondary,3188,yes,no,unknown,8,14,5,unknown,no
34,unemployed,married,secondary,6985,no,no,telephone,1,-1,4,unknown,no
27,self-employed,married,secondary,4869,no,no,telephone,3,-1,3,success,no
47,services,married,tertiary,5144,no,no,cellular,8,12,0,failure,yes
63,self-employed,single,secondary,8589,no,no,unknown,9,-1,1,unknown,no
40,admin.,single,secondary,3523,yes,no,telephone,4,8,3,unknown,no
49,entrepreneur,married,primary,216,yes,no,cellular,6,-1,0,unknown,no
34,services,married,secondary,3467,no,no,unknown,4,-1,0,failure,no
67,entrepreneur,single,tertiary,6923,yes,no,cellular,9,22,3,failure,no
68,entrepreneur,married,tertiary,5950,yes,no,cellular,2,-1,2,failure,yes
34,retired,married,secondary,2715,no,no,telephone,6,30,3,failure,no
31,admin.,single,secondary,7325,no,no,telephone,3,-1,5,unknown,no
26,housemaid,single,secondary,-110,yes,no,cellular,10,-1,4,unknown,no
57,unemployed,single,tertiary,9391,no,no,cellular,4,-1,5,unknown,yes
19,housemaid,single,tertiary,2537,no,yes,unknown,2,-1,0,unknown,no
62,retired,married,tertiary,-268,yes,yes,telephone,8,8,0,unknown,no
42,entrepreneur,single,primary,9618,yes,no,telephone,10,4,1,success,yes
56,student,single,tertiary,2631,no,yes,cellular,8,13,0,unknown,no
26,self-employed,married,secondary,7134,yes,no,cellular,1,-1,1,unknown,no
39,unemployed,married,secondary,-267,yes,no,cellular,10,-1,0,failure,no
60,unemployed,married,tertiary,891,yes,no,cellular,6,1,0,unknown,yes
63,admin.,married,secondary,8947,no,no,cellular,1,-1,3,unknown,no
21,management,single,secondary,389,yes,no,cellular,6,5,3,success,no
43,technician,single,tertiary,7402,yes,no,cellular,7,-1,4,failure,no
46,technician,married,secondary,245,yes,no,cellular,2,-1,5,other,no
62,technician,married,primary,9411,no,no,telephone,9,12,2,failure,no
51,management,divorced,tertiary,-73,yes,no,cellular,8,7,4,failure,no
40,admin.,married,secondary,231,no,no,cellular,9,1,0,unknown,no
54,management,married,primary,299,no,no,cellular,10,-1,4,unknown,no
28,technician,married,secondary,6007,yes,yes,cellular,4,-1,3,unknown,no
23,retired,married,secondary,6525,no,no,cellular,4,-1,5,unknown,no
35,services,married,secondary,8527,no,no,unknown,8,-1,0,unknown,no
38,entrepreneur,married,secondary,7124,no,no,telephone,1,-1,0,unknown,no
59,management,married,secondary,7826,yes,no,cellular,8,14,4,unknown,no
53,admin.,married,secondary,4883,no,no,cellular,7,-1,5,unknown,no
58,admin.,married,secondary,5707,no,yes,cellular,7,-1,1,failure,no
55,housemaid,married,secondary,2038,no,yes,telephone,9,-1,2,other,no
51,services,single,tertiary,3218,yes,yes,cellular,10,23,5,unknown,no
34,student,single,tertiary,7732,no,yes,cellular,7,-1,4,unknown,no
54,unemployed,married,secondary,2867,yes,yes,telephone,2,13,4,unknown,no
42,technician,married,secondary,4508,yes,no,telephone,1,28,2,unknown,no
55,student,single,secondary,4729,yes,no,telephone,1,7,0,unknown,no
29,housemaid,married,secondary,6888,no,no,unknown,7,30,0,success,no
40,technician,married,tertiary,1915,yes,no,unknown,5,1,1,unknown,yes
70,services,single,tertiary,6671,yes,yes,cellular,4,-1,4,unknown,no
59,self-employed,single,secondary,9732,no,no,cellular,5,-1,2,failure,yes
39,housemaid,single,secondary,2449,yes,no,telephone,10,-1,4,failure,no
38,technician,married,secondary,3761,no,no,telephone,10,-1,3,other,no
44,services,single,tertiary,4645,yes,no,unknown,6,3,4,unknown,no
48,blue-collar,married,secondary,2966,yes,no,cellular,10,-1,4,success,no
23,student,single,primary,2588,no,no,cellular,6,15,3,unknown,no
44,student,married,tertiary,615,no,no,cellular,1,-1,3,failure,no
57,unemployed,married,secondary,4078,yes,no,cellular,2,-1,2,other,no
51,services,single,tertiary,2090,no,no,cellular,3,28,0,unknown,no
29,management,married,primary,6872,yes,no,telephone,4,-1,1,failure,no
62,blue-collar,married,tertiary,3073,yes,no,cellular,6,7,3,success,yes
70,self-employed,divorced,secondary,2478,yes,no,telephone,9,10,0,other,no
24,retired,married,secondary,8922,yes,no,telephone,2,-1,2,unknown,no
27,technician,married,tertiary,6813,yes,no,cellular,8,-1,5,failure,no
62,blue-collar,married,tertiary,6522,yes,yes,cellular,9,-1,4,unknown,no
34,services,single,tertiary,4475,yes,no,cellular,2,11,2,unknown,yes
43,entrepreneur,single,tertiary,4425,yes,no,telephone,9,-1,2,other,no
38,technician,married,primary,7547,yes,no,unknown,7,-1,3,other,yes
45,admin.,single,primary,7590,no,no,unknown,9,12,1,unknown,no
63,student,married,secondary,7551,no,no,unknown,6,-1,3,unknown,no
19,services,single,tertiary,4792,no,no,cellular,2,9,4,success,no
60,self-employed,married,tertiary,6145,yes,yes,unknown,8,19,3,unknown,yes
18,admin.,married,tertiary,4903,no,no,telephone,10,20,4,unknown,no
68,unemployed,divorced,tertiary,2930,no,no,unknown,9,12,3,failure,no
70,housemaid,married,secondary,1495,yes,no,cellular,8,-1,5,unknown,yes
53,retired,married,tertiary,5530,yes,no,unknown,2,29,1,success,yes
68,retired,married,tertiary,3391,no,no,cellular,8,-1,5,unknown,yes
43,admin.,divorced,secondary,6645,no,no,telephone,3,-1,0,other,no
46,student,married,secondary,7998,no,yes,cellular,3,-1,1,unknown,no
38,unemployed,married,secondary,9054,no,no,cellular,9,29,3,unknown,no
28,entrepreneur,married,secondary,1602,no,yes,cellular,9,5,2,failure,yes
57,student,married,secondary,2530,no,yes,cellular,9,9,0,unknown,no
28,blue-collar,married,secondary,8024,yes,yes,cellular,4,-1,2,unknown,no
53,retired,single,tertiary,7607,yes,no,telephone,7,10,5,failure,no
66,blue-collar,divorced,tertiary,-258,no,no,cellular,8,11,1,unknown,no
56,self-employed,married,tertiary,1384,yes,no,cellular,5,2,0,success,yes
57,technician,married,tertiary,7515,no,no,cellular,1,-1,5,unknown,no
52,management,married,secondary,9124,no,no,cellular,9,-1,3,other,no
51,services,married,secondary,6247,no,no,cellular,6,-1,2,unknown,no
64,unemployed,single,tertiary,7994,no,no,cellular,3,-1,3,failure,yes
41,student,married,secondary,3830,yes,no,cellular,3,-1,4,other,no
39,retired,married,primary,7363,yes,no,telephone,10,-1,0,success,no
22,blue-collar,single,tertiary,2609,yes,no,cellular,1,-1,2,unknown,no
50,housemaid,married,secondary,1686,no,no,cellular,8,-1,1,unknown,no
53,technician,single,primary,1050,no,no,cellular,2,-1,1,unknown,no
64,services,married,secondary,9484,no,no,unknown,1,24,1,unknown,yes
37,services,single,secondary,146,yes,no,cellular,7,-1,5,unknown,yes
36,student,divorced,tertiary,5644,yes,no,cellular,9,-1,1,unknown,no
52,unemployed,single,secondary,4156,no,no,cellular,6,-1,2,unknown,yes
69,entrepreneur,divorced,primary,8404,yes,no,cellular,8,-1,5,success,yes
60,self-employed,married,secondary,37,yes,no,cellular,8,24,4,unknown,no
34,housemaid,married,tertiary,6072,no,no,cellular,9,-1,1,unknown,no
62,self-employed,single,tertiary,-266,no,yes,cellular,7,-1,1,success,no
60,student,married,tertiary,9196,yes,no,cellular,9,28,5,unknown,yes
51,blue-collar,married,secondary,6039,no,no,cellular,9,-1,1,unknown,no
26,management,married,secondary,874,yes,no,telephone,1,-1,4,failure,no
43,admin.,married,tertiary,1409,no,no,unknown,6,-1,5,other,no
19,entrepreneur,married,secondary,8607,yes,no,cellular,8,-1,5,other,no
70,unemployed,married,tertiary,6718,yes,yes,cellular,10,30,0,other,no
26,technician,single,tertiary,-420,no,no,unknown,9,-1,5,success,no
26,entrepreneur,married,tertiary,1583,yes,no,telephone,4,24,1,failure,no
57,retired,married,tertiary,1190,no,yes,cellular,2,30,5,failure,no
34,unemployed,married,secondary,256,no,no,telephone,9,-1,1,unknown,no
18,management,married,tertiary,2170,no,yes,cellular,9,-1,1,other,no
42,retired,single,tertiary,3251,no,no,cellular,8,-1,5,other,no
60,entrepreneur,married,secondary,8159,yes,no,cellular,3,-1,0,other,no
57,admin.,married,primary,4761,no,no,cellular,5,-1,1,failure,no
59,admin.,single,secondary,6352,yes,no,cellular,2,-1,0,unknown,no
42,management,married,secondary,994,yes,yes,cellular,3,-1,0,unknown,no
56,services,married,secondary,5240,no,no,telephone,1,25,5,unknown,no
52,housemaid,married,primary,8711,yes,no,cellular,4,-1,3,unknown,no
20,technician,divorced,secondary,7555,no,no,cellular,5,4,3,unknown,no
67,services,married,tertiary,401,yes,no,cellular,2,22,1,other,no
54,self-employed,married,primary,172,no,no,cellular,3,-1,2,success,yes
61,self-employed,married,secondary,8130,no,no,cellular,6,-1,3,other,yes
61,self-employed,married,secondary,9768,yes,no,unknown,6,-1,5,unknown,no
68,admin.,married,tertiary,-56,no,no,cellular,7,-1,5,failure,no
47,admin.,married,secondary,8657,no,no,cellular,9,-1,3,unknown,no
55,blue-collar,married,tertiary,8155,yes,yes,unknown,4,-1,2,success,no
51,retired,divorced,secondary,1698,yes,no,cellular,5,-1,4,failure,no
29,entrepreneur,single,secondary,1787,no,no,unknown,2,29,1,unknown,no
36,technician,married,tertiary,3508,yes,no,cellular,6,-1,4,failure,no
54,management,single,secondary,8604,yes,no,cellular,4,-1,4,unknown,no
61,entrepreneur,married,secondary,-4,no,no,cellular,5,-1,0,other,no
66,blue-collar,married,secondary,963,yes,yes,cellular,7,-1,0,failure,no
34,admin.,single,secondary,6328,no,no,cellular,6,-1,1,unknown,no
27,management,single,tertiary,3753,no,no,unknown,8,26,2,unknown,no
66,admin.,single,tertiary,-7,no,no,telephone,6,-1,0,success,no
64,technician,married,secondary,4565,yes,yes,telephone,10,-1,3,unknown,no
29,retired,divorced,tertiary,4930,yes,yes,telephone,8,-1,1,unknown,no
33,entrepreneur,married,tertiary,926,yes,yes,cellular,4,-1,5,failure,no
41,entrepreneur,single,secondary,9384,no,no,cellular,7,-1,4,unknown,no
36,self-employed,divorced,secondary,1293,yes,no,cellular,3,-1,1,failure,no
25,services,married,primary,2223,yes,no,telephone,1,-1,5,failure,no
48,self-employed,single,tertiary,158,yes,no,cellular,9,-1,5,unknown,no
38,management,married,tertiary,4261,yes,no,cellular,9,-1,0,failure,no
34,housemaid,married,tertiary,7130,yes,no,unknown,6,-1,5,unknown,no
40,self-employed,married,secondary,8241,no,no,cellular,2,-1,2,unknown,no
54,blue-collar,married,tertiary,8334,yes,no,cellular,8,29,5,failure,no
33,self-employed,divorced,secondary,3850,yes,no,cellular,10,-1,5,unknown,no
23,self-employed,single,tertiary,-293,yes,no,cellular,6,12,4,unknown,no
25,housemaid,married,secondary,3690,no,no,telephone,7,-1,2,unknown,no
42,services,single,secondary,1383,no,no,unknown,1,-1,1,other,no
35,technician,divorced,secondary,2386,yes,no,cellular,3,-1,2,failure,no
42,blue-collar,married,primary,-23,no,no,cellular,1,-1,2,unknown,no
29,self-employed,divorced,secondary,8453,yes,no,telephone,10,-1,1,unknown,no
32,retired,married,secondary,7881,no,yes,cellular,1,-1,4,failure,no
43,housemaid,single,secondary,6354,yes,no,cellular,1,21,5,unknown,no
58,retired,married,secondary,255,no,yes,unknown,4,4,2,unknown,no
62,housemaid,married,tertiary,9138,no,no,telephone,7,-1,2,other,no
43,retired,married,tertiary,4431,no,no,cellular,7,-1,1,unknown,yes
64,housemaid,single,secondary,9355,yes,no,cellular,5,21,3,success,yes
49,retired,married,secondary,5224,yes,no,telephone,6,5,2,failure,no
27,services,married,tertiary,9527,no,no,telephone,2,-1,0,success,yes
33,unemployed,married,secondary,3650,yes,yes,telephone,5,19,5,other,no
24,blue-collar,divorced,secondary,3560,no,yes,cellular,7,-1,5,failure,no
34,management,married,secondary,4265,no,no,unknown,9,-1,4,unknown,no
40,technician,married,secondary,3112,no,no,cellular,6,-1,2,unknown,no
43,student,married,secondary,6053,yes,no,telephone,10,18,1,success,no
38,admin.,married,tertiary,6878,no,yes,cellular,4,25,0,unknown,yes
39,self-employed,single,tertiary,1189,no,no,cellular,3,24,1,unknown,no
24,management,single,tertiary,816,no,no,unknown,9,-1,2,failure,no
31,admin.,married,secondary,6630,yes,yes,cellular,7,24,0,success,yes
32,blue-collar,married,secondary,2686,yes,yes,cellular,6,-1,4,failure,no
70,management,single,secondary,5289,yes,no,telephone,7,-1,4,failure,no
24,retired,married,primary,645,yes,no,cellular,8,-1,4,unknown,no
26,retired,single,tertiary,3894,no,no,telephone,5,-1,3,unknown,no
68,student,single,tertiary,7442,no,no,cellular,3,-1,1,unknown,no
65,admin.,single,secondary,7048,yes,no,cellular,3,-1,2,unknown,yes
25,technician,married,secondary,60,no,no,unknown,2,25,0,failure,no
67,blue-collar,married,secondary,1412,yes,no,cellular,8,-1,5,unknown,no
40,retired,divorced,tertiary,1364,yes,no,unknown,1,-1,5,failure,yes
46,self-employed,married,primary,-204,yes,yes,cellular,8,24,1,success,no
35,unemployed,single,primary,1909,yes,no,telephone,3,-1,2,unknown,no
48,services,married,tertiary,7130,no,no,cellular,9,-1,3,other,yes
47,services,single,secondary,961,yes,no,cellular,2,3,2,other,yes
69,housemaid,married,primary,3792,no,no,unknown,10,-1,1,unknown,no
56,technician,married,tertiary,1768,yes,no,cellular,9,4,2,unknown,yes
52,services,married,secondary,494,no,no,telephone,6,-1,5,other,no
35,housemaid,single,secondary,6054,yes,no,telephone,1,18,5,other,no
59,admin.,single,secondary,-493,yes,no,telephone,5,-1,0,unknown,no
56,retired,married,secondary,2015,yes,no,unknown,10,-1,3,unknown,no
34,retired,married,secondary,917,yes,no,cellular,9,-1,5,failure,no
31,self-employed,single,tertiary,1816,yes,no,cellular,6,-1,0,unknown,no
48,unemployed,married,secondary,6858,no,no,cellular,7,2,3,unknown,yes
41,management,married,secondary,3432,no,yes,cellular,4,25,5,unknown,no
52,services,married,secondary,5704,no,no,cellular,1,8,3,unknown,no
61,admin.,married,tertiary,787,yes,no,cellular,5,-1,2,unknown,yes
62,entrepreneur,married,tertiary,618,yes,no,cellular,2,25,0,failure,no
51,services,married,secondary,8244,yes,yes,cellular,8,-1,3,failure,yes
20,technician,married,primary,7137,no,yes,cellular,4,-1,3,unknown,no
54,self-employed,married,primary,160,no,no,telephone,1,-1,2,unknown,no
60,management,married,secondary,8407,no,no,cellular,10,-1,5,unknown,yes
57,services,married,secondary,6422,no,no,cellular,7,17,5,other,yes
43,admin.,married,tertiary,7604,yes,no,unknown,2,-1,1,unknown,no
40,services,single,tertiary,5837,yes,yes,cellular,3,-1,1,failure,no
61,technician,married,primary,2029,yes,no,unknown,9,7,5,unknown,no
56,entrepreneur,married,primary,3470,yes,no,cellular,9,22,4,other,yes
32,blue-collar,married,tertiary,2907,yes,no,cellular,2,21,4,unknown,no
66,student,married,tertiary,9150,yes,no,telephone,3,-1,3,other,no
21,entrepreneur,married,secondary,8546,no,no,telephone,9,-1,5,unknown,no
46,housemaid,married,secondary,6916,no,yes,cellular,1,-1,1,other,yes
39,services,single,secondary,4260,no,no,unknown,2,-1,3,unknown,no
42,retired,married,tertiary,1397,no,yes,cellular,2,22,0,unknown,no
30,unemployed,divorced,tertiary,5864,yes,yes,cellular,10,25,1,unknown,no
35,retired,married,tertiary,7964,yes,no,cellular,3,22,1,unknown,yes
50,entrepreneur,married,secondary,3587,no,no,cellular,10,-1,1,failure,no
33,retired,married,tertiary,8964,yes,no,cellular,3,18,4,unknown,no
62,admin.,married,secondary,3874,yes,no,unknown,10,26,2,unknown,no
59,retired,married,secondary,7107,yes,no,cellular,2,-1,2,failure,no
61,management,single,tertiary,3519,yes,no,cellular,8,-1,4,unknown,no
19,blue-collar,married,tertiary,315,yes,no,cellular,8,12,5,unknown,no
52,services,divorced,primary,6755,yes,no,unknown,8,-1,5,failure,no
59,self-employed,single,secondary,422,yes,no,unknown,2,30,4,failure,no
51,retired,married,secondary,4367,no,yes,telephone,9,-1,4,other,no
47,technician,married,secondary,764,yes,yes,unknown,7,6,5,failure,no
30,self-employed,married,secondary,3224,yes,no,telephone,5,13,2,unknown,no
30,blue-collar,married,tertiary,2222,yes,no,unknown,7,-1,3,unknown,no
35,blue-collar,married,tertiary,4855,yes,no,telephone,8,18,4,other,yes
49,retired,married,primary,2050,no,no,cellular,9,-1,3,failure,no
49,blue-collar,married,secondary,4819,no,no,cellular,2,-1,3,unknown,no
52,self-employed,married,primary,6186,no,no,cellular,6,-1,0,other,no
56,unemployed,divorced,secondary,1173,yes,no,cellular,9,-1,2,failure,no
63,retired,single,primary,4087,no,no,cellular,6,8,3,other,yes
69,admin.,divorced,secondary,4853,no,no,cellular,2,24,2,unknown,yes
46,entrepreneur,married,secondary,6357,yes,no,unknown,1,-1,2,success,no
66,management,married,secondary,1166,yes,no,cellular,3,-1,0,other,no
46,student,married,primary,4011,yes,no,telephone,5,-1,5,unknown,no
70,housemaid,married,secondary,9887,no,no,telephone,7,4,2,success,yes
61,blue-collar,married,secondary,5672,no,no,unknown,10,27,3,unknown,no
33,admin.,single,tertiary,884,yes,yes,unknown,10,-1,5,other,no
61,services,single,secondary,3903,no,no,telephone,3,-1,5,failure,no
64,services,married,secondary,3454,yes,no,cellular,9,-1,1,success,no
27,housemaid,married,secondary,5805,yes,yes,cellular,10,-1,3,success,no
47,management,married,secondary,7752,no,no,cellular,4,7,3,failure,no
42,blue-collar,married,primary,6738,no,no,telephone,10,-1,2,success,no
56,unemployed,married,tertiary,6481,yes,no,unknown,2,1,3,other,no
37,housemaid,married,secondary,5526,yes,no,telephone,3,22,1,success,no
22,management,married,primary,6109,yes,no,cellular,5,12,2,unknown,yes
18,blue-collar,divorced,secondary,9982,yes,no,cellular,3,12,4,unknown,yes
47,self-employed,married,secondary,8164,no,no,cellular,5,24,3,unknown,no
66,admin.,single,secondary,458,no,no,cellular,4,30,3,unknown,no
20,entrepreneur,married,secondary,8224,no,no,cellular,10,-1,0,unknown,no
62,unemployed,married,secondary,-7,yes,yes,cellular,3,-1,4,success,no
31,self-employed,married,primary,6542,no,yes,telephone,6,-1,4,failure,no
47,self-employed,married,tertiary,-419,yes,no,cellular,8,12,1,failure,no
67,student,married,secondary,6499,no,yes,cellular,4,-1,4,unknown,no
21,services,single,tertiary,2470,no,no,unknown,9,-1,0,unknown,no
35,technician,single,tertiary,-489,no,no,cellular,6,-1,1,unknown,no
54,admin.,married,primary,7324,yes,no,cellular,5,7,4,other,no
42,services,married,primary,261,yes,no,cellular,3,-1,1,unknown,no
65,retired,divorced,secondary,2685,yes,no,cellular,5,-1,4,failure,no
18,self-employed,married,tertiary,-475,no,no,cellular,5,-1,4,unknown,no
70,technician,married,tertiary,1306,yes,yes,cellular,4,8,5,unknown,no
63,services,married,tertiary,6151,yes,no,cellular,6,-1,4,failure,no
32,management,single,secondary,5164,yes,no,cellular,3,-1,3,success,no
26,unemployed,divorced,secondary,4654,no,yes,cellular,10,1,4,unknown,no
32,services,married,tertiary,5324,yes,no,unknown,1,-1,3,unknown,no
66,student,single,secondary,3159,no,yes,cellular,7,-1,2,other,no
41,entrepreneur,single,secondary,1025,no,no,unknown,7,-1,5,other,no
21,management,married,tertiary,260,no,no,cellular,4,-1,0,unknown,no
29,admin.,married,secondary,94,yes,no,cellular,9,13,1,other,no
54,admin.,married,tertiary,6692,yes,no,telephone,2,-1,1,failure,no
54,admin.,divorced,tertiary,555,yes,no,cellular,1,-1,2,unknown,no
60,admin.,married,primary,9546,yes,yes,cellular,3,12,4,unknown,yes
23,entrepreneur,single,secondary,2583,yes,no,telephone,7,5,0,success,no
56,services,married,secondary,3175,no,no,cellular,9,-1,2,other,no
63,blue-collar,single,tertiary,9740,yes,no,telephone,2,-1,2,other,no
41,services,married,tertiary,9150,no,no,unknown,6,17,1,unknown,no
28,self-employed,married,primary,5457,yes,no,cellular,3,11,3,other,no
30,retired,single,secondary,4755,no,no,cellular,5,-1,3,unknown,no
51,unemployed,single,secondary,8911,no,no,cellular,9,1,4,unknown,no
42,technician,single,primary,3728,no,no,unknown,3,-1,4,unknown,no
24,blue-collar,married,secondary,3681,no,no,telephone,1,-1,2,unknown,no
69,blue-collar,single,tertiary,9191,no,no,unknown,5,-1,4,unknown,no
21,self-employed,married,secondary,1330,no,no,cellular,1,-1,3,unknown,no
25,services,married,secondary,2895,yes,no,telephone,8,-1,0,unknown,no
37,blue-collar,married,secondary,703,yes,no,cellular,7,-1,1,unknown,no
46,housemaid,married,secondary,2310,yes,no,cellular,2,-1,3,failure,no
70,housemaid,married,tertiary,2592,yes,yes,unknown,9,-1,5,success,yes
68,retired,divorced,primary,2544,yes,no,cellular,5,-1,4,unknown,no
62,technician,married,secondary,5571,yes,no,unknown,7,-1,1,unknown,no
63,student,single,tertiary,6772,yes,yes,cellular,4,10,5,unknown,no
27,entrepreneur,married,secondary,4173,yes,no,telephone,1,-1,1,unknown,no
60,services,married,tertiary,3014,yes,no,cellular,8,6,2,unknown,no
51,entrepreneur,married,secondary,9490,no,no,cellular,1,-1,4,unknown,no
43,student,divorced,primary,5692,yes,no,cellular,3,-1,2,other,yes
58,services,single,tertiary,-356,no,no,cellular,6,-1,1,unknown,no
66,services,divorced,tertiary,7007,yes,yes,cellular,8,26,2,unknown,no
20,technician,divorced,tertiary,4357,no,no,telephone,8,-1,4,unknown,no
23,entrepreneur,married,tertiary,877,no,no,cellular,2,-1,3,unknown,no
22,housemaid,married,primary,2646,no,no,cellular,9,-1,0,unknown,no
22,admin.,single,tertiary,9517,no,no,cellular,4,26,5,unknown,no
64,entrepreneur,married,primary,4524,yes,no,cellular,4,30,3,success,yes
40,unemployed,married,secondary,293,no,no,telephone,2,-1,1,success,yes
66,unemployed,married,secondary,9293,no,no,unknown,1,-1,3,unknown,no
26,services,married,tertiary,5256,no,no,cellular,10,-1,2,failure,no
52,admin.,married,secondary,3914,no,no,cellular,7,-1,4,unknown,no
37,management,married,tertiary,610,yes,no,telephone,10,-1,3,failure,no
66,student,married,secondary,5172,no,no,cellular,3,20,3,other,yes
59,retired,married,tertiary,3553,yes,no,cellular,4,9,4,failure,yes
52,admin.,married,secondary,3437,no,no,cellular,9,-1,2,failure,no
67,retired,married,secondary,3463,yes,no,cellular,6,-1,0,success,no
35,entrepreneur,single,secondary,4442,no,no,cellular,1,-1,3,unknown,no
34,entrepreneur,married,primary,5397,yes,no,cellular,9,-1,5,other,yes
41,retired,married,secondary,8474,yes,no,cellular,9,-1,1,unknown,no
20,student,single,secondary,616,no,no,cellular,5,-1,2,unknown,no
49,admin.,married,tertiary,1250,no,no,cellular,8,-1,2,unknown,no
52,management,married,tertiary,3527,no,yes,cellular,7,-1,3,unknown,no
55,services,single,secondary,5245,yes,no,cellular,8,15,5,unknown,no
30,technician,married,secondary,4564,yes,no,cellular,9,-1,4,failure,no
64,entrepreneur,single,secondary,9179,no,no,unknown,2,-1,3,success,no
42,unemployed,single,primary,5438,no,no,cellular,10,-1,3,unknown,yes
26,student,single,secondary,2897,no,no,telephone,5,-1,4,success,no
21,technician,married,secondary,7765,yes,no,cellular,8,27,1,unknown,no
31,management,married,secondary,859,no,no,telephone,3,18,4,unknown,no
54,blue-collar,married,secondary,8783,yes,no,cellular,6,-1,3,other,no
51,self-employed,married,tertiary,4353,yes,no,cellular,6,6,0,failure,no
28,services,married,secondary,1441,yes,no,telephone,7,-1,4,unknown,no
58,entrepreneur,married,secondary,2648,yes,no,cellular,3,30,1,unknown,no
20,services,married,secondary,7433,no,no,telephone,8,-1,4,unknown,no
45,technician,married,secondary,8936,yes,yes,cellular,8,-1,4,other,no
46,services,married,secondary,785,yes,no,unknown,9,-1,2,success,no
26,self-employed,married,tertiary,5974,yes,no,telephone,8,16,2,other,no
20,blue-collar,single,tertiary,270,yes,no,unknown,3,-1,3,other,no
42,technician,married,primary,1343,no,no,cellular,6,6,3,success,no
51,entrepreneur,married,tertiary,-427,yes,no,cellular,9,-1,4,success,no
29,admin.,divorced,tertiary,1160,yes,no,telephone,1,24,0,other,yes
59,unemployed,married,secondary,3849,no,no,unknown,3,-1,5,unknown,no
26,technician,married,tertiary,6602,no,no,unknown,2,23,3,unknown,no
32,housemaid,married,tertiary,7500,no,no,cellular,8,-1,4,failure,yes
57,blue-collar,single,tertiary,8511,yes,no,telephone,6,-1,4,unknown,no
42,technician,married,secondary,3318,no,no,cellular,10,28,5,unknown,no
22,technician,married,secondary,-169,no,no,cellular,8,30,4,unknown,yes
28,housemaid,married,tertiary,921,no,no,cellular,2,1,5,unknown,no
51,entrepreneur,single,tertiary,7012,no,yes,cellular,6,-1,5,other,no
41,technician,married,primary,6390,yes,no,unknown,7,-1,4,failure,no
32,unemployed,married,secondary,4431,no,no,cellular,8,-1,4,other,no
55,services,single,secondary,9383,yes,no,cellular,9,-1,2,other,no
25,entrepreneur,married,secondary,5525,yes,no,cellular,5,-1,5,unknown,no
22,unemployed,single,tertiary,3908,yes,no,cellular,3,-1,1,unknown,yes
65,entrepreneur,married,secondary,4613,yes,yes,cellular,2,6,5,other,yes
43,unemployed,single,secondary,7919,no,no,cellular,8,6,1,unknown,no
35,self-employed,married,primary,2381,no,no,cellular,1,-1,4,unknown,no
23,blue-collar,single,secondary,2365,no,no,telephone,10,-1,3,failure,no
54,unemployed,divorced,tertiary,2075,no,yes,unknown,6,-1,0,unknown,no
65,retired,married,secondary,5685,yes,no,cellular,2,3,4,success,yes
30,unemployed,married,tertiary,8156,yes,yes,cellular,3,-1,0,unknown,no
45,admin.,married,tertiary,5241,no,no,cellular,8,-1,2,failure,no
22,admin.,married,primary,-223,no,no,telephone,1,-1,1,other,no
30,student,married,primary,-435,yes,no,cellular,6,-1,2,unknown,no
34,retired,married,secondary,3762,no,no,cellular,3,11,3,unknown,no
67,retired,married,secondary,5204,yes,no,cellular,6,5,3,failure,yes
57,services,married,secondary,8094,yes,no,unknown,3,-1,5,unknown,no
62,retired,married,tertiary,7489,yes,no,cellular,8,-1,4,unknown,no
49,services,single,primary,5755,yes,yes,cellular,5,28,5,failure,no
46,student,married,secondary,6941,no,no,unknown,4,-1,3,unknown,no
68,student,married,tertiary,4192,no,no,telephone,9,18,3,unknown,no
20,blue-collar,married,secondary,3919,yes,no,telephone,5,5,5,other,no
57,admin.,married,tertiary,7460,no,no,cellular,4,11,2,unknown,no
51,unemployed,married,primary,5578,no,no,unknown,8,-1,0,unknown,yes
57,unemployed,married,secondary,937,yes,no,telephone,8,-1,1,unknown,no
44,housemaid,married,secondary,8120,yes,no,unknown,8,22,3,unknown,no
30,housemaid,single,secondary,6532,no,no,telephone,4,-1,5,success,no
62,management,married,tertiary,5231,no,no,telephone,1,-1,3,success,yes
50,entrepreneur,single,secondary,2878,no,no,cellular,2,-1,2,unknown,no
23,blue-collar,single,secondary,8084,yes,no,cellular,4,-1,1,unknown,no
41,management,single,secondary,5847,no,no,telephone,10,13,2,failure,no
36,management,divorced,secondary,5901,yes,no,cellular,2,-1,0,other,no
33,technician,married,tertiary,6129,yes,no,cellular,10,20,2,unknown,no
57,technician,married,tertiary,4041,yes,no,cellular,3,12,1,failure,no
45,management,single,secondary,7376,yes,no,telephone,9,-1,1,failure,no
50,retired,married,tertiary,8033,yes,no,cellular,9,-1,3,unknown,no
65,entrepreneur,married,tertiary,7824,yes,yes,telephone,9,11,0,unknown,no
58,blue-collar,single,secondary,-236,yes,no,cellular,7,-1,4,unknown,no
30,management,single,secondary,9377,no,no,cellular,4,28,3,unknown,yes
60,self-employed,divorced,tertiary,934,yes,no,cellular,1,8,5,other,yes
62,unemployed,divorced,primary,4827,yes,no,cellular,3,-1,2,unknown,no
42,entrepreneur,single,secondary,4597,yes,yes,cellular,8,20,2,failure,no
70,technician,married,secondary,1160,yes,no,cellular,4,-1,1,unknown,no
59,unemployed,single,secondary,5192,no,no,cellular,10,-1,5,unknown,no
53,technician,married,tertiary,1854,yes,no,unknown,10,8,1,unknown,no
44,technician,married,secondary,7957,no,no,cellular,2,19,5,unknown,yes
55,entrepreneur,single,secondary,5961,yes,no,telephone,8,-1,1,success,no
24,technician,married,tertiary,8828,yes,no,cellular,7,-1,4,unknown,no
22,self-employed,married,tertiary,6544,no,no,cellular,10,-1,4,other,yes
60,student,married,secondary,4997,no,no,cellular,9,-1,3,other,yes
62,admin.,single,secondary,4049,yes,no,telephone,2,-1,4,failure,no
68,student,married,tertiary,5834,no,no,telephone,5,-1,5,unknown,no
48,admin.,single,secondary,5510,yes,no,telephone,6,-1,1,unknown,no
40,housemaid,married,secondary,4426,no,no,cellular,2,22,5,success,no
59,housemaid,single,primary,9082,no,no,telephone,2,-1,3,success,no
27,technician,single,secondary,8804,no,no,cellular,10,-1,3,unknown,yes
49,blue-collar,married,tertiary,9926,no,no,cellular,4,17,0,failure,yes
60,blue-collar,married,primary,5565,yes,no,cellular,8,8,4,unknown,no
70,admin.,married,secondary,1679,no,no,cellular,5,25,2,unknown,yes
47,unemployed,divorced,secondary,4467,yes,yes,cellular,9,-1,2,unknown,no
56,entrepreneur,single,tertiary,134,yes,yes,telephone,4,-1,0,unknown,no
48,technician,divorced,primary,3131,yes,no,cellular,3,-1,1,other,no
35,entrepreneur,married,primary,9091,yes,no,cellular,10,-1,0,unknown,no
53,student,single,tertiary,9557,no,no,cellular,8,-1,1,failure,no
19,blue-collar,single,secondary,9647,no,yes,telephone,1,-1,4,failure,no
31,retired,single,tertiary,4177,no,no,cellular,9,-1,4,success,yes
30,student,divorced,secondary,1718,yes,no,cellular,4,-1,3,unknown,no
46,self-employed,married,secondary,889,yes,no,telephone,9,1,3,unknown,no
29,student,married,secondary,3776,no,no,cellular,8,-1,3,success,yes
56,admin.,single,secondary,749,yes,no,cellular,3,3,3,unknown,no
19,self-employed,single,tertiary,7140,no,no,cellular,3,-1,2,other,no
49,services,married,secondary,5212,no,no,cellular,9,-1,3,unknown,yes
30,student,married,secondary,745,no,yes,telephone,3,-1,3,failure,no
63,self-employed,married,secondary,7745,yes,yes,cellular,4,-1,3,unknown,yes
44,technician,married,tertiary,-58,no,yes,cellular,9,-1,1,unknown,no
66,management,married,tertiary,6476,yes,no,cellular,4,2,5,success,yes
58,management,single,secondary,4175,no,no,cellular,3,17,3,unknown,yes
34,technician,single,secondary,7453,yes,no,unknown,7,-1,0,failure,no
57,services,married,secondary,3877,yes,yes,cellular,6,-1,3,unknown,no
48,services,married,primary,6558,yes,no,cellular,1,29,3,unknown,no
51,admin.,married,tertiary,322,no,no,telephone,10,-1,2,unknown,no
41,blue-collar,married,tertiary,2439,yes,no,telephone,8,-1,5,success,no
62,entrepreneur,single,tertiary,6596,yes,yes,unknown,1,-1,3,unknown,no
52,services,divorced,secondary,5265,yes,yes,cellular,4,8,5,failure,yes
65,retired,married,tertiary,531,no,no,unknown,6,-1,1,unknown,no
23,admin.,single,tertiary,9708,no,no,cellular,6,-1,4,unknown,no
36,housemaid,single,secondary,62,no,no,cellular,7,-1,5,unknown,no
47,unemployed,single,secondary,-160,no,no,cellular,5,-1,5,unknown,yes
24,housemaid,married,tertiary,4067,yes,no,telephone,5,-1,3,failure,no
27,admin.,divorced,primary,7362,yes,no,cellular,4,7,3,unknown,no
58,self-employed,married,secondary,1796,no,no,cellular,6,-1,3,failure,no
49,student,married,tertiary,-266,yes,no,cellular,7,-1,2,success,no
51,entrepreneur,married,tertiary,4702,yes,no,cellular,10,-1,4,unknown,no
45,unemployed,married,secondary,8808,yes,no,unknown,10,-1,2,unknown,yes
32,housemaid,married,secondary,9600,yes,no,cellular,1,15,2,success,no
47,unemployed,married,secondary,9109,yes,no,cellular,9,-1,2,unknown,no
54,retired,married,tertiary,791,yes,no,telephone,8,-1,1,failure,yes
46,retired,single,secondary,4227,yes,no,cellular,7,-1,4,success,no
39,self-employed,single,secondary,8220,yes,yes,telephone,9,-1,1,failure,no
21,retired,married,secondary,9672,yes,no,telephone,3,-1,1,unknown,no
37,admin.,single,tertiary,2439,yes,no,unknown,10,11,4,unknown,no
49,entrepreneur,single,secondary,4935,yes,no,unknown,4,-1,1,unknown,no
53,self-employed,single,secondary,6481,no,yes,cellular,7,15,4,failure,no
67,admin.,married,secondary,4892,yes,no,cellular,6,6,5,unknown,no
21,management,single,tertiary,9021,no,no,cellular,2,16,5,other,yes
44,student,divorced,tertiary,7472,no,yes,cellular,2,-1,3,unknown,no
34,student,single,secondary,733,no,no,cellular,10,-1,2,unknown,no
29,retired,married,tertiary,9445,yes,no,cellular,7,28,5,unknown,no
39,management,married,tertiary,2300,yes,no,unknown,9,6,5,unknown,no
34,services,single,tertiary,2275,yes,no,cellular,9,16,1,unknown,no
27,services,married,tertiary,5544,no,yes,cellular,7,-1,4,unknown,no
18,retired,married,secondary,2987,yes,no,cellular,8,-1,0,unknown,no
39,housemaid,married,secondary,6883,no,no,cellular,10,8,1,unknown,yes
43,admin.,single,tertiary,3350,no,no,unknown,3,-1,1,failure,no
35,retired,single,tertiary,4497,yes,no,cellular,1,-1,4,unknown,no
67,blue-collar,married,tertiary,390,yes,no,cellular,7,-1,0,unknown,no
31,unemployed,divorced,secondary,5420,no,no,cellular,8,-1,0,failure,yes
64,student,married,primary,9757,yes,no,cellular,2,-1,3,success,no
46,services,single,tertiary,688,yes,no,cellular,9,-1,1,unknown,no
29,technician,single,secondary,5144,no,no,telephone,4,-1,2,unknown,no
53,services,single,secondary,240,yes,no,cellular,10,-1,5,failure,no
52,student,divorced,tertiary,869,no,no,cellular,9,-1,1,failure,no
69,unemployed,married,tertiary,9081,no,no,cellular,3,-1,2,unknown,yes
29,student,single,secondary,1500,no,no,telephone,8,22,2,failure,no
24,technician,married,primary,971,yes,no,telephone,2,-1,4,success,no
46,retired,single,secondary,1036,yes,no,cellular,3,-1,1,unknown,no
28,management,single,secondary,-182,yes,no,cellular,1,7,4,unknown,no
50,technician,single,primary,9956,yes,no,unknown,5,23,3,other,yes
23,student,married,primary,4653,yes,yes,telephone,4,-1,2,success,no
64,student,single,tertiary,1394,yes,no,telephone,1,-1,0,unknown,no
32,blue-collar,married,tertiary,7491,yes,yes,telephone,10,-1,2,failure,no
49,self-employed,married,secondary,8967,yes,yes,cellular,9,-1,3,other,yes
68,blue-collar,single,tertiary,8092,no,no,cellular,6,11,2,failure,no
28,entrepreneur,married,secondary,5435,yes,no,unknown,6,28,4,failure,no
40,blue-collar,single,secondary,223,yes,no,unknown,2,26,1,other,no
43,admin.,married,secondary,1829,no,no,cellular,7,-1,0,unknown,yes
51,management,married,secondary,8827,no,no,cellular,9,-1,4,failure,no
63,unemployed,single,secondary,2270,yes,no,unknown,6,27,5,other,no
51,technician,married,secondary,7045,yes,no,cellular,8,-1,1,other,no
46,student,married,secondary,4346,no,no,unknown,5,-1,0,unknown,no
21,entrepreneur,single,secondary,-233,no,no,cellular,2,5,3,unknown,no
34,entrepreneur,married,tertiary,69,no,no,cellular,4,-1,2,other,no
52,unemployed,single,secondary,1473,no,no,cellular,1,-1,0,unknown,no
30,management,married,secondary,8237,yes,no,cellular,1,20,5,failure,no
58,technician,single,tertiary,2322,yes,yes,cellular,6,-1,3,unknown,no
56,services,single,primary,3960,yes,no,cellular,2,-1,1,failure,no
32,blue-collar,single,tertiary,-230,no,yes,telephone,6,-1,0,success,yes
46,retired,married,secondary,7141,no,yes,unknown,1,-1,3,failure,no
46,entrepreneur,single,tertiary,8430,no,no,cellular,10,-1,1,failure,yes
28,blue-collar,single,secondary,6180,yes,no,cellular,3,-1,4,unknown,no
69,blue-collar,single,secondary,757,yes,no,cellular,9,-1,2,other,no
49,admin.,married,secondary,7750,yes,no,cellular,2,18,3,unknown,yes
19,management,single,tertiary,4870,no,no,cellular,8,-1,4,success,no
64,retired,single,secondary,4358,no,yes,cellular,6,15,5,unknown,no
31,self-employed,married,secondary,8081,yes,no,cellular,6,-1,5,other,no
37,services,married,secondary,8410,yes,no,cellular,7,3,1,unknown,yes
39,student,single,tertiary,6499,yes,no,cellular,5,-1,0,success,yes
28,admin.,married,tertiary,-380,yes,no,telephone,4,-1,2,success,no
44,blue-collar,divorced,secondary,6408,no,yes,cellular,6,6,1,other,no
20,blue-collar,single,tertiary,1803,yes,no,unknown,8,-1,3,unknown,no
